date,channel,campaign,impressions,clicks,spend,leads,customers,revenue,paid
2025-09-01,Google Ads,GOO-2,2492,91,407094,13,1,314797,1
2025-09-01,Email,EMA-3,4844,218,0,45,10,2999273,0
2025-09-01,Email,EMA-6,1533,69,0,14,4,1227476,0
2025-09-01,SEO / Organik,SEO-3,1062,177,0,28,7,2137454,0
2025-09-01,Email,EMA-6,3288,148,0,24,5,1737798,0
2025-09-01,Email,EMA-2,5644,254,0,40,13,4464841,0
2025-09-02,Google Ads,GOO-3,4937,127,772160,25,8,2603783,1
2025-09-02,Meta Ads,MET-7,4751,95,375968,15,5,1315610,1
2025-09-02,Google Ads,GOO-2,2921,104,517223,9,3,937785,1
2025-09-02,TikTok Ads,TIK-7,5731,79,181964,3,0,0,1
2025-09-03,TikTok Ads,TIK-1,2036,22,46560,4,0,0,1
2025-09-03,Meta Ads,MET-1,2522,50,177319,8,0,0,1
2025-09-03,TikTok Ads,TIK-7,4319,64,148971,8,1,217395,1
2025-09-03,Email,EMA-1,1000,45,0,11,2,722514,0
2025-09-03,Email,EMA-5,3022,136,0,21,6,1845312,0
2025-09-03,Meta Ads,MET-6,5687,90,342677,17,2,543424,1
2025-09-03,Email,EMA-2,1933,87,0,12,2,628123,0
2025-09-04,Meta Ads,MET-7,3792,79,254409,9,0,0,1
2025-09-04,SEO / Organik,SEO-7,696,87,0,16,6,1932462,0
2025-09-04,Google Ads,GOO-8,821,27,145575,1,0,0,1
2025-09-04,Google Ads,GOO-7,2163,75,335573,12,1,286514,1
2025-09-05,Google Ads,GOO-5,4390,105,605967,9,2,671215,1
2025-09-05,Google Ads,GOO-7,3798,88,473405,14,4,1278209,1
2025-09-05,Email,EMA-6,1800,81,0,14,4,1348370,0
2025-09-05,SEO / Organik,SEO-7,1808,226,0,18,1,292158,0
2025-09-05,Meta Ads,MET-2,5213,77,237852,11,4,1059992,1
2025-09-05,TikTok Ads,TIK-1,2718,27,54285,1,1,251654,1
2025-09-05,Meta Ads,MET-6,1151,22,78023,2,0,0,1
2025-09-05,SEO / Organik,SEO-4,1210,121,0,21,6,1640023,0
2025-09-06,Google Ads,GOO-8,3374,85,493038,10,1,301386,1
2025-09-06,Google Ads,GOO-4,3672,107,508393,12,2,571264,1
2025-09-06,Email,EMA-3,4622,208,0,47,18,5477061,0
2025-09-06,SEO / Organik,SEO-7,756,108,0,14,1,307872,0
2025-09-06,SEO / Organik,SEO-4,1552,194,0,22,8,2621382,0
2025-09-06,Email,EMA-7,3333,150,0,31,5,1787811,0
2025-09-06,TikTok Ads,TIK-6,2616,29,67250,4,2,460807,1
2025-09-06,Email,EMA-2,2044,92,0,28,7,2365961,0
2025-09-06,SEO / Organik,SEO-8,852,142,0,19,4,1214580,0
2025-09-06,SEO / Organik,SEO-6,1441,131,0,16,4,1183378,0
2025-09-07,SEO / Organik,SEO-4,1134,162,0,18,3,827307,0
2025-09-07,Google Ads,GOO-5,3789,104,643888,21,6,1691701,1
2025-09-07,Google Ads,GOO-7,4203,111,602106,22,4,1314526,1
2025-09-07,Google Ads,GOO-8,3659,136,619093,29,6,1814043,1
2025-09-07,TikTok Ads,TIK-7,4615,40,83374,4,0,0,1
2025-09-07,Google Ads,GOO-7,2134,63,370620,13,4,1273952,1
2025-09-07,Google Ads,GOO-3,5577,217,1232090,35,10,3200939,1
2025-09-07,TikTok Ads,TIK-3,4626,58,137929,6,1,246130,1
2025-09-07,Meta Ads,MET-7,1266,28,92363,6,0,0,1
2025-09-07,Meta Ads,MET-5,5781,104,334425,16,4,1040054,1
2025-09-08,SEO / Organik,SEO-3,959,137,0,21,2,599513,0
2025-09-08,Email,EMA-3,2000,90,0,17,3,1011990,0
2025-09-08,Google Ads,GOO-3,1725,66,304156,6,1,288522,1
2025-09-08,TikTok Ads,TIK-8,4538,49,112519,3,0,0,1
2025-09-08,Meta Ads,MET-7,5419,120,370722,13,2,528188,1
2025-09-08,Email,EMA-1,2155,97,0,21,3,1075308,0
2025-09-09,Meta Ads,MET-3,1095,24,85203,5,2,537549,1
2025-09-09,Google Ads,GOO-1,1323,54,317628,7,3,878814,1
2025-09-09,Google Ads,GOO-8,2025,64,288591,7,2,622774,1
2025-09-09,SEO / Organik,SEO-8,600,75,0,11,3,945681,0
2025-09-09,Google Ads,GOO-6,2463,96,453027,11,5,1657892,1
2025-09-09,Meta Ads,MET-3,2411,37,131643,4,0,0,1
2025-09-10,Email,EMA-3,3933,177,0,34,7,2232180,0
2025-09-10,TikTok Ads,TIK-7,2009,18,41961,1,0,0,1
2025-09-10,TikTok Ads,TIK-6,3121,28,67021,3,1,259462,1
2025-09-10,Email,EMA-5,1933,87,0,15,4,1362864,0
2025-09-10,TikTok Ads,TIK-5,5120,69,147841,3,1,223116,1
2025-09-11,SEO / Organik,SEO-2,720,80,0,13,1,325337,0
2025-09-11,Email,EMA-5,2555,115,0,25,7,2350104,0
2025-09-11,Email,EMA-2,4444,200,0,42,11,3762227,0
2025-09-11,TikTok Ads,TIK-3,2475,25,59577,2,2,474118,1
2025-09-11,Google Ads,GOO-7,3947,139,617101,14,3,992571,1
2025-09-11,SEO / Organik,SEO-5,1120,112,0,14,5,1477841,0
2025-09-12,Google Ads,GOO-6,5094,156,943037,24,9,2645856,1
2025-09-12,Meta Ads,MET-6,1573,33,114209,4,0,0,1
2025-09-12,Email,EMA-3,5400,243,0,44,13,4444891,0
2025-09-12,SEO / Organik,SEO-5,1298,118,0,19,3,824339,0
2025-09-12,SEO / Organik,SEO-4,696,116,0,19,4,1101363,0
2025-09-13,TikTok Ads,TIK-8,3862,46,117738,9,0,0,1
2025-09-13,Meta Ads,MET-3,2823,43,158530,8,2,553308,1
2025-09-13,TikTok Ads,TIK-8,5675,56,145558,4,2,436980,1
2025-09-13,TikTok Ads,TIK-2,4398,62,136868,9,1,222791,1
2025-09-13,SEO / Organik,SEO-4,1170,195,0,22,5,1540381,0
2025-09-13,TikTok Ads,TIK-3,4609,46,98418,6,3,683597,1
2025-09-14,TikTok Ads,TIK-7,2258,24,58185,2,1,218917,1
2025-09-14,TikTok Ads,TIK-5,1729,25,53386,2,0,0,1
2025-09-14,Email,EMA-5,5555,250,0,51,15,4839803,0
2025-09-14,Email,EMA-8,5444,245,0,40,7,2459712,0
2025-09-15,Meta Ads,MET-3,5829,86,267126,10,1,305716,1
2025-09-15,TikTok Ads,TIK-7,3436,40,80409,3,0,0,1
2025-09-15,TikTok Ads,TIK-8,3499,36,90139,4,0,0,1
2025-09-16,Email,EMA-7,2377,107,0,26,4,1337108,0
2025-09-16,SEO / Organik,SEO-3,1880,235,0,33,5,1623746,0
2025-09-16,Google Ads,GOO-2,4203,164,893427,25,6,1771412,1
2025-09-16,Google Ads,GOO-2,2973,77,377133,13,3,918722,1
2025-09-16,Meta Ads,MET-6,3040,57,180581,7,1,267321,1
2025-09-16,TikTok Ads,TIK-1,5719,71,182208,8,0,0,1
2025-09-16,Email,EMA-1,4022,181,0,36,6,2104926,0
2025-09-16,Meta Ads,MET-5,5423,104,378967,14,6,1593520,1
2025-09-17,Meta Ads,MET-8,1934,33,118203,4,0,0,1
2025-09-17,Email,EMA-5,4288,193,0,37,12,4236891,0
2025-09-17,TikTok Ads,TIK-5,3032,28,68334,7,2,462368,1
2025-09-17,TikTok Ads,TIK-4,1658,24,59917,1,0,0,1
2025-09-17,TikTok Ads,TIK-7,900,10,26279,2,0,0,1
2025-09-17,TikTok Ads,TIK-8,3686,41,79184,1,0,0,1
2025-09-17,Email,EMA-7,4222,190,0,46,12,4222225,0
2025-09-17,Meta Ads,MET-8,4638,107,392837,13,1,275938,1
2025-09-17,Google Ads,GOO-7,1307,30,162016,7,2,564730,1
2025-09-18,Google Ads,GOO-2,5440,165,975258,26,5,1489947,1
2025-09-18,Meta Ads,MET-5,5503,91,350655,10,1,282284,1
2025-09-18,Google Ads,GOO-5,2475,101,522658,22,5,1424229,1
2025-09-18,Meta Ads,MET-1,1579,31,102782,6,0,0,1
2025-09-19,Meta Ads,MET-3,4925,63,228203,8,3,861047,1
2025-09-19,Email,EMA-5,3488,157,0,25,7,2506531,0
2025-09-19,SEO / Organik,SEO-8,1296,162,0,30,7,2157862,0
2025-09-19,Email,EMA-2,5377,242,0,47,8,2743841,0
2025-09-19,Email,EMA-5,2155,97,0,25,6,1932584,0
2025-09-19,SEO / Organik,SEO-7,990,110,0,17,2,571509,0
2025-09-19,SEO / Organik,SEO-4,384,64,0,7,0,0,0
2025-09-20,Meta Ads,MET-7,5185,95,299920,12,3,779830,1
2025-09-20,SEO / Organik,SEO-1,2794,254,0,38,5,1360911,0
2025-09-20,Email,EMA-4,2422,109,0,21,9,3004423,0
2025-09-20,Email,EMA-5,4066,183,0,40,14,5044261,0
2025-09-20,SEO / Organik,SEO-4,546,91,0,15,2,596106,0
2025-09-21,Google Ads,GOO-7,809,23,122163,2,0,0,1
2025-09-21,Meta Ads,MET-6,4610,98,309216,7,1,254118,1
2025-09-21,Google Ads,GOO-7,4256,143,722131,26,7,2179179,1
2025-09-21,TikTok Ads,TIK-2,4145,61,157642,4,1,240336,1
2025-09-21,Google Ads,GOO-3,4984,200,1197756,38,7,2162765,1
2025-09-22,Meta Ads,MET-4,3234,58,197179,10,2,526705,1
2025-09-22,Meta Ads,MET-6,900,12,38218,0,0,0,1
2025-09-22,Email,EMA-2,5333,240,0,50,14,4480800,0
2025-09-22,TikTok Ads,TIK-1,5871,84,198391,13,2,522052,1
2025-09-23,SEO / Organik,SEO-3,1278,142,0,15,4,1114036,0
2025-09-23,SEO / Organik,SEO-7,1098,122,0,18,4,1164573,0
2025-09-23,Meta Ads,MET-1,5968,133,418971,18,2,608606,1
2025-09-23,SEO / Organik,SEO-3,1320,220,0,31,7,2002577,0
2025-09-23,TikTok Ads,TIK-5,3148,37,87555,3,0,0,1
2025-09-23,Email,EMA-3,2600,117,0,28,10,3218459,0
2025-09-23,TikTok Ads,TIK-2,5599,82,179783,13,3,654185,1
2025-09-23,TikTok Ads,TIK-2,5915,76,144703,8,0,0,1
2025-09-24,Google Ads,GOO-8,3723,99,534078,18,2,606517,1
2025-09-24,TikTok Ads,TIK-2,1883,23,46656,2,0,0,1
2025-09-24,TikTok Ads,TIK-3,1097,11,26712,1,1,244761,1
2025-09-24,Email,EMA-8,4088,184,0,41,7,2442571,0
2025-09-24,SEO / Organik,SEO-6,1408,176,0,29,6,1683215,0
2025-09-25,SEO / Organik,SEO-8,1539,171,0,24,4,1145971,0
2025-09-25,Google Ads,GOO-2,2127,52,278337,7,2,566623,1
2025-09-26,TikTok Ads,TIK-3,2590,33,74254,1,0,0,1
2025-09-26,TikTok Ads,TIK-7,2079,24,59411,4,0,0,1
2025-09-26,TikTok Ads,TIK-6,5889,81,179201,9,2,448326,1
2025-09-26,Meta Ads,MET-1,1214,19,63583,2,0,0,1
2025-09-26,Email,EMA-2,5088,229,0,47,12,3852448,0
2025-09-26,SEO / Organik,SEO-7,868,124,0,18,4,1211734,0
2025-09-26,Email,EMA-2,1955,88,0,15,7,2434039,0
2025-09-26,Meta Ads,MET-8,2455,54,164680,11,2,521162,1
2025-09-26,Google Ads,GOO-3,1292,29,146994,4,1,337802,1
2025-09-27,TikTok Ads,TIK-6,3664,37,97301,0,0,0,1
2025-09-27,Meta Ads,MET-8,5504,85,354506,9,2,574702,1
2025-09-27,TikTok Ads,TIK-7,5528,66,141248,4,0,0,1
2025-09-27,TikTok Ads,TIK-1,2426,23,50305,0,0,0,1
2025-09-27,Email,EMA-8,2466,111,0,25,9,2796583,0
2025-10-01,Google Ads,GOO-4,2048,81,359271,11,2,659849,1
2025-10-01,Google Ads,GOO-1,1834,67,335157,11,2,626527,1
2025-10-01,SEO / Organik,SEO-1,1099,157,0,19,3,906337,0
2025-10-01,Email,EMA-2,4644,209,0,45,14,4493030,0
2025-10-02,Email,EMA-8,2355,106,0,23,8,2432854,0
2025-10-02,Email,EMA-2,3511,158,0,27,6,1960385,0
2025-10-02,Email,EMA-2,2200,99,0,20,8,2872250,0
2025-10-02,TikTok Ads,TIK-8,2166,31,76539,1,0,0,1
2025-10-02,Meta Ads,MET-8,4253,92,375533,9,2,610830,1
2025-10-02,Google Ads,GOO-2,1809,52,247027,5,1,297802,1
2025-10-03,SEO / Organik,SEO-3,2629,239,0,25,6,1881725,0
2025-10-03,Google Ads,GOO-7,3420,110,609060,24,5,1633661,1
2025-10-03,Email,EMA-2,3066,138,0,30,10,3434643,0
2025-10-03,Meta Ads,MET-7,3253,56,174223,5,0,0,1
2025-10-03,Google Ads,GOO-5,4571,157,861526,21,2,660431,1
2025-10-03,SEO / Organik,SEO-8,1413,157,0,26,9,2514260,0
2025-10-03,Meta Ads,MET-4,1665,35,143758,5,0,0,1
2025-10-04,SEO / Organik,SEO-5,832,104,0,17,5,1404744,0
2025-10-04,Email,EMA-7,3555,160,0,39,14,4590647,0
2025-10-04,Email,EMA-5,5000,225,0,52,13,4293240,0
2025-10-04,Google Ads,GOO-5,3563,133,826876,21,6,1986888,1
2025-10-04,Google Ads,GOO-2,1200,35,203343,5,0,0,1
2025-10-04,SEO / Organik,SEO-2,1106,158,0,18,4,1108727,0
2025-10-05,Email,EMA-3,4644,209,0,36,8,2761507,0
2025-10-05,TikTok Ads,TIK-1,4961,63,125081,5,0,0,1
2025-10-05,Google Ads,GOO-6,2928,114,514763,15,3,873213,1
2025-10-05,TikTok Ads,TIK-5,2282,20,38072,2,1,232379,1
2025-10-06,TikTok Ads,TIK-7,2492,37,74366,3,0,0,1
2025-10-06,Meta Ads,MET-5,1702,34,123118,5,0,0,1
2025-10-06,Meta Ads,MET-3,4510,90,351438,11,1,264356,1
2025-10-06,SEO / Organik,SEO-8,1944,243,0,35,5,1544300,0
2025-10-06,Meta Ads,MET-1,2945,37,119084,6,1,285100,1
2025-10-06,TikTok Ads,TIK-1,880,12,27068,1,0,0,1
2025-10-06,SEO / Organik,SEO-5,1014,169,0,24,5,1630252,0
2025-10-07,Email,EMA-5,1733,78,0,18,1,345905,0
2025-10-07,Google Ads,GOO-5,2543,81,389003,9,3,890580,1
2025-10-07,SEO / Organik,SEO-6,1125,125,0,18,4,1198063,0
2025-10-07,TikTok Ads,TIK-4,1359,19,42857,1,0,0,1
2025-10-07,Meta Ads,MET-6,5491,81,255476,14,1,264698,1
2025-10-07,Google Ads,GOO-6,5851,162,759499,32,5,1454043,1
2025-10-08,TikTok Ads,TIK-6,3217,34,85220,1,0,0,1
2025-10-08,Meta Ads,MET-6,1607,36,147310,2,0,0,1
2025-10-08,Email,EMA-8,3511,158,0,31,7,2116121,0
2025-10-08,Meta Ads,MET-3,1545,30,114277,3,0,0,1
2025-10-08,SEO / Organik,SEO-7,1180,118,0,16,1,300222,0
2025-10-08,Meta Ads,MET-7,5456,92,371778,7,0,0,1
2025-10-08,Meta Ads,MET-2,1083,22,78146,4,0,0,1
2025-10-09,SEO / Organik,SEO-2,2240,224,0,31,5,1458337,0
2025-10-09,Google Ads,GOO-1,3082,73,346734,6,2,617225,1
2025-10-09,Meta Ads,MET-7,3600,64,268776,8,2,560551,1
2025-10-09,Email,EMA-8,2511,113,0,20,5,1692064,0
2025-10-09,SEO / Organik,SEO-2,1353,123,0,20,3,938452,0
2025-10-10,Email,EMA-2,3933,177,0,29,6,2029184,0
2025-10-10,Email,EMA-5,1111,50,0,13,1,312498,0
2025-10-10,SEO / Organik,SEO-4,1692,188,0,32,8,2220641,0
2025-10-10,Meta Ads,MET-3,3295,45,146370,2,2,508190,1
2025-10-10,TikTok Ads,TIK-4,5113,63,125441,3,1,248977,1
2025-10-10,TikTok Ads,TIK-1,3705,47,119110,5,1,217149,1
2025-10-10,TikTok Ads,TIK-1,4747,44,101395,6,1,250342,1
2025-10-10,Google Ads,GOO-8,5138,199,959161,35,12,3569205,1
2025-10-10,Email,EMA-5,1777,80,0,16,6,2064657,0
2025-10-10,Google Ads,GOO-3,2801,94,464487,22,2,656669,1
2025-10-10,SEO / Organik,SEO-7,2222,202,0,26,4,1170673,0
2025-10-10,TikTok Ads,TIK-8,2195,19,37085,1,1,218913,1
2025-10-11,TikTok Ads,TIK-7,4918,53,124817,6,0,0,1
2025-10-11,TikTok Ads,TIK-1,1432,18,44948,0,0,0,1
2025-10-11,SEO / Organik,SEO-6,1113,159,0,19,5,1389805,0
2025-10-11,Meta Ads,MET-3,1228,25,102382,5,2,613753,1
2025-10-12,TikTok Ads,TIK-1,4020,60,155169,3,0,0,1
2025-10-12,Email,EMA-8,4755,214,0,41,9,2744417,0
2025-10-12,TikTok Ads,TIK-2,2334,32,67191,2,0,0,1
2025-10-13,Google Ads,GOO-7,4009,108,532795,22,4,1342219,1
2025-10-13,Email,EMA-7,1466,66,0,17,3,968088,0
2025-10-13,Email,EMA-1,1844,83,0,18,3,1021905,0
2025-10-13,Google Ads,GOO-8,5447,201,998541,38,12,4024024,1
2025-10-13,Google Ads,GOO-8,2934,90,431872,25,7,2286793,1
2025-10-13,Email,EMA-1,5288,238,0,36,11,3769469,0
2025-10-13,Email,EMA-6,4688,211,0,37,8,2527286,0
2025-10-13,Email,EMA-5,5577,251,0,49,8,2755666,0
2025-10-13,TikTok Ads,TIK-2,1138,14,26821,2,0,0,1
2025-10-13,Meta Ads,MET-7,2116,27,84279,8,3,921366,1
2025-10-13,SEO / Organik,SEO-2,1071,153,0,20,5,1642930,0
2025-10-14,SEO / Organik,SEO-3,765,85,0,17,1,305101,0
2025-10-14,Google Ads,GOO-6,1259,37,167615,3,3,954616,1
2025-10-14,Meta Ads,MET-2,4023,91,376692,11,1,262529,1
2025-10-14,Meta Ads,MET-7,2190,46,143987,5,2,590497,1
2025-10-14,Google Ads,GOO-2,3114,92,490505,12,2,563661,1
2025-10-14,TikTok Ads,TIK-5,1776,23,46907,2,0,0,1
2025-10-14,Email,EMA-6,2444,110,0,17,5,1753947,0
2025-10-15,SEO / Organik,SEO-1,462,77,0,11,4,1261766,0
2025-10-15,TikTok Ads,TIK-3,5086,71,156745,1,0,0,1
2025-10-15,Google Ads,GOO-3,3183,83,500722,11,2,636293,1
2025-10-15,TikTok Ads,TIK-7,1391,21,43860,2,0,0,1
2025-10-15,Google Ads,GOO-1,1278,36,205946,4,0,0,1
2025-10-16,TikTok Ads,TIK-1,3154,47,110250,2,0,0,1
2025-10-16,SEO / Organik,SEO-4,1694,154,0,23,8,2505183,0
2025-10-16,Email,EMA-8,1688,76,0,21,7,2191848,0
2025-10-16,Google Ads,GOO-5,1156,39,176140,6,1,309899,1
2025-10-16,Email,EMA-4,1711,77,0,15,4,1202319,0
2025-10-16,SEO / Organik,SEO-4,1665,185,0,21,3,896165,0
2025-10-17,TikTok Ads,TIK-5,4750,71,149410,10,2,490524,1
2025-10-17,Meta Ads,MET-7,3312,51,183772,7,3,850568,1
2025-10-17,TikTok Ads,TIK-6,3383,41,96234,4,1,248594,1
2025-10-17,Google Ads,GOO-8,2964,90,500184,16,4,1279003,1
2025-10-17,Email,EMA-8,1800,81,0,17,3,993362,0
2025-10-17,Email,EMA-2,1688,76,0,12,0,0,0
2025-10-17,SEO / Organik,SEO-6,1710,190,0,31,7,2106646,0
2025-10-18,SEO / Organik,SEO-7,1413,157,0,25,5,1632674,0
2025-10-18,SEO / Organik,SEO-5,504,56,0,4,0,0,0
2025-10-18,SEO / Organik,SEO-5,2061,229,0,30,8,2301188,0
2025-10-18,SEO / Organik,SEO-6,462,66,0,8,2,654787,0
2025-10-18,SEO / Organik,SEO-7,1771,253,0,38,6,1863734,0
2025-10-18,Google Ads,GOO-6,3563,90,544622,12,2,642144,1
2025-10-18,Google Ads,GOO-8,2504,62,306288,9,2,561296,1
2025-10-18,Meta Ads,MET-4,1788,35,144973,2,1,302408,1
2025-10-18,Email,EMA-6,3311,149,0,36,9,2790242,0
2025-10-19,Meta Ads,MET-2,5309,68,280427,7,3,907758,1
2025-10-19,Meta Ads,MET-4,1589,32,118604,3,0,0,1
2025-10-19,SEO / Organik,SEO-2,470,47,0,3,0,0,0
2025-10-19,TikTok Ads,TIK-3,1185,15,38331,1,0,0,1
2025-10-20,Meta Ads,MET-4,4905,87,284471,10,2,555698,1
2025-10-20,TikTok Ads,TIK-7,4193,40,102363,2,0,0,1
2025-10-20,Email,EMA-6,4866,219,0,38,6,1794710,0
2025-10-20,Meta Ads,MET-8,895,17,65747,3,0,0,1
2025-10-20,Meta Ads,MET-8,943,12,47639,1,0,0,1
2025-10-20,SEO / Organik,SEO-6,1182,197,0,33,4,1230033,0
2025-10-20,Google Ads,GOO-8,3140,96,476717,17,5,1493872,1
2025-10-21,Meta Ads,MET-6,4752,74,229570,11,1,269928,1
2025-10-21,Email,EMA-5,2177,98,0,23,6,1935556,0
2025-10-21,Email,EMA-6,2200,99,0,22,7,2201623,0
2025-10-21,SEO / Organik,SEO-3,678,113,0,14,4,1285640,0
2025-10-21,Meta Ads,MET-1,4358,83,296523,9,4,1190930,1
2025-10-21,TikTok Ads,TIK-1,3502,54,120846,7,3,698833,1
2025-10-21,SEO / Organik,SEO-4,768,96,0,19,3,945701,0
2025-10-22,Meta Ads,MET-4,3476,63,253374,7,2,599990,1
2025-10-22,Email,EMA-5,3288,148,0,28,9,3169895,0
2025-10-22,Email,EMA-7,911,41,0,16,4,1288337,0
2025-10-23,SEO / Organik,SEO-6,726,66,0,11,1,280134,0
2025-10-23,Google Ads,GOO-8,1027,24,122551,4,0,0,1
2025-10-23,TikTok Ads,TIK-8,5353,75,164798,5,1,228035,1
2025-10-23,SEO / Organik,SEO-2,258,43,0,10,1,280443,0
2025-10-23,Email,EMA-1,4066,183,0,33,10,2993851,0
2025-10-23,TikTok Ads,TIK-6,3203,29,58960,2,1,218584,1
2025-10-24,SEO / Organik,SEO-2,1715,245,0,25,4,1140785,0
2025-10-24,Meta Ads,MET-4,1614,35,124264,3,0,0,1
2025-10-24,Google Ads,GOO-2,4435,146,646411,19,2,561904,1
2025-10-24,Google Ads,GOO-4,1998,67,373132,7,2,661219,1
2025-10-24,Email,EMA-4,5111,230,0,41,9,2771773,0
2025-10-25,Meta Ads,MET-3,5377,122,440681,12,2,595703,1
2025-10-25,Email,EMA-8,4222,190,0,37,13,4262382,0
2025-10-25,Email,EMA-2,1911,86,0,20,4,1244872,0
2025-10-25,Google Ads,GOO-2,5382,204,1267783,34,9,2860097,1
2025-10-25,Email,EMA-1,1422,64,0,13,4,1242273,0
2025-10-25,Meta Ads,MET-1,3303,42,156650,5,2,559519,1
2025-10-25,TikTok Ads,TIK-2,2142,27,52177,3,0,0,1
2025-10-25,TikTok Ads,TIK-1,2772,30,70295,1,0,0,1
2025-10-26,Google Ads,GOO-3,1966,78,471460,12,3,843087,1
2025-10-26,Google Ads,GOO-8,3490,141,717777,24,6,1846431,1
2025-10-26,Google Ads,GOO-3,2155,87,423934,16,4,1261827,1
2025-10-26,Google Ads,GOO-5,5693,184,971636,31,7,2096268,1
2025-10-26,SEO / Organik,SEO-2,2410,241,0,37,6,1771886,0
2025-10-26,Google Ads,GOO-5,1605,53,282409,8,0,0,1
2025-10-27,Meta Ads,MET-5,4184,60,228147,8,2,558430,1
2025-10-27,Google Ads,GOO-5,3540,100,619531,8,1,317774,1
2025-10-27,Google Ads,GOO-8,1495,57,252534,11,1,324157,1
2025-10-27,TikTok Ads,TIK-6,1530,18,42812,1,0,0,1
2025-10-27,TikTok Ads,TIK-3,1910,16,40865,0,0,0,1
2025-10-27,TikTok Ads,TIK-3,1719,25,65405,3,0,0,1
2025-10-27,Email,EMA-8,5155,232,0,52,10,3216203,0
2025-10-27,Meta Ads,MET-1,2788,36,115277,4,2,609452,1
2025-10-27,TikTok Ads,TIK-5,3256,37,77857,0,0,0,1
2025-11-01,SEO / Organik,SEO-2,1488,186,0,26,3,840141,0
2025-11-01,TikTok Ads,TIK-7,974,13,24982,4,0,0,1
2025-11-01,TikTok Ads,TIK-4,4411,65,136111,3,1,229876,1
2025-11-01,Meta Ads,MET-2,5764,115,445510,18,2,521740,1
2025-11-01,Google Ads,GOO-7,5858,197,880433,26,6,1840864,1
2025-11-01,SEO / Organik,SEO-6,872,109,0,17,3,842305,0
2025-11-01,Email,EMA-6,1644,74,0,14,5,1747909,0
2025-11-01,TikTok Ads,TIK-6,1434,16,30848,1,0,0,1
2025-11-01,SEO / Organik,SEO-3,1400,175,0,24,7,2160596,0
2025-11-02,Email,EMA-5,3288,148,0,23,7,2369357,0
2025-11-02,TikTok Ads,TIK-5,3128,27,70096,3,0,0,1
2025-11-02,Email,EMA-8,4844,218,0,38,10,3167218,0
2025-11-02,TikTok Ads,TIK-6,3903,42,105265,5,2,508869,1
2025-11-02,Google Ads,GOO-2,1347,52,254698,4,0,0,1
2025-11-02,TikTok Ads,TIK-8,857,8,20808,1,0,0,1
2025-11-02,Meta Ads,MET-1,1848,42,140121,4,0,0,1
2025-11-02,Meta Ads,MET-7,5208,113,408308,14,3,850929,1
2025-11-02,SEO / Organik,SEO-6,1353,123,0,13,3,890823,0
2025-11-02,Google Ads,GOO-8,2297,75,340040,12,1,338759,1
2025-11-02,SEO / Organik,SEO-3,2510,251,0,38,8,2556451,0
2025-11-02,SEO / Organik,SEO-7,1656,184,0,24,4,1223892,0
2025-11-03,Email,EMA-4,3844,173,0,30,6,1907075,0
2025-11-03,SEO / Organik,SEO-4,1380,230,0,32,6,1903984,0
2025-11-03,Google Ads,GOO-7,2253,58,285251,6,1,335311,1
2025-11-03,SEO / Organik,SEO-1,882,126,0,13,4,1316219,0
2025-11-04,Meta Ads,MET-5,5018,74,291449,8,0,0,1
2025-11-04,TikTok Ads,TIK-5,1853,17,40667,4,0,0,1
2025-11-04,Google Ads,GOO-8,1238,49,233590,4,1,307240,1
2025-11-05,Google Ads,GOO-6,3462,131,700432,21,7,1953508,1
2025-11-05,Google Ads,GOO-2,3941,100,576599,16,2,617534,1
2025-11-05,TikTok Ads,TIK-2,5025,59,147041,5,0,0,1
2025-11-05,Email,EMA-8,3044,137,0,31,5,1624086,0
2025-11-05,Email,EMA-5,4844,218,0,42,11,3552710,0
2025-11-06,TikTok Ads,TIK-5,5552,66,163190,7,1,238446,1
2025-11-06,SEO / Organik,SEO-1,620,62,0,11,3,989659,0
2025-11-06,Google Ads,GOO-1,4728,138,799797,19,3,909097,1
2025-11-06,Meta Ads,MET-1,5867,104,378267,11,6,1659821,1
2025-11-06,Google Ads,GOO-7,3990,133,596437,20,5,1413068,1
2025-11-06,SEO / Organik,SEO-7,546,78,0,15,4,1173453,0
2025-11-06,Meta Ads,MET-2,5552,110,457468,14,3,758940,1
2025-11-07,Email,EMA-5,4200,189,0,40,1,342890,0
2025-11-07,TikTok Ads,TIK-4,932,14,26470,3,2,496083,1
2025-11-07,Email,EMA-5,3533,159,0,29,8,2731404,0
2025-11-07,Google Ads,GOO-6,2709,77,477548,12,4,1215907,1
2025-11-07,SEO / Organik,SEO-2,588,98,0,18,1,281447,0
2025-11-07,Email,EMA-2,5111,230,0,45,16,4789706,0
2025-11-08,Meta Ads,MET-4,3087,71,222556,6,3,766584,1
2025-11-08,Email,EMA-4,1288,58,0,16,4,1227354,0
2025-11-08,Google Ads,GOO-7,5578,189,1106201,21,2,579646,1
2025-11-08,TikTok Ads,TIK-1,2941,30,71594,2,0,0,1
2025-11-09,Email,EMA-3,1333,60,0,16,4,1264208,0
2025-11-09,SEO / Organik,SEO-5,900,150,0,15,5,1489388,0
2025-11-09,SEO / Organik,SEO-8,1881,209,0,30,7,2098406,0
2025-11-09,Email,EMA-2,1888,85,0,15,3,1029850,0
2025-11-10,SEO / Organik,SEO-2,1144,104,0,16,5,1611087,0
2025-11-10,Email,EMA-7,2244,101,0,21,6,1923971,0
2025-11-10,Email,EMA-7,3444,155,0,30,6,1906788,0
2025-11-10,Meta Ads,MET-3,5041,72,266318,10,1,304486,1
2025-11-10,Google Ads,GOO-5,1282,36,216072,8,2,560308,1
2025-11-10,Meta Ads,MET-1,5850,77,296554,9,2,562885,1
2025-11-10,TikTok Ads,TIK-7,4438,66,159318,5,2,503844,1
2025-11-11,SEO / Organik,SEO-7,1210,110,0,15,3,906669,0
2025-11-11,SEO / Organik,SEO-2,1800,180,0,27,8,2596711,0
2025-11-12,Email,EMA-8,4600,207,0,47,11,3564354,0
2025-11-13,TikTok Ads,TIK-7,5345,47,95080,4,0,0,1
2025-11-13,Email,EMA-3,1066,48,0,12,1,318548,0
2025-11-13,Meta Ads,MET-4,5543,77,295549,10,1,287025,1
2025-11-13,Google Ads,GOO-4,1522,34,192894,8,1,325347,1
2025-11-13,SEO / Organik,SEO-4,1360,136,0,18,8,2292814,0
2025-11-13,Google Ads,GOO-2,4359,175,956868,31,12,3681580,1
2025-11-13,Meta Ads,MET-6,4943,63,240993,7,0,0,1
2025-11-14,Google Ads,GOO-2,5320,188,1084222,24,8,2431514,1
2025-11-14,Email,EMA-6,4688,211,0,33,9,2824110,0
2025-11-14,Google Ads,GOO-6,906,26,128179,3,1,321835,1
2025-11-14,TikTok Ads,TIK-1,3285,38,92741,2,1,259029,1
2025-11-14,SEO / Organik,SEO-7,942,157,0,19,4,1218102,0
2025-11-15,TikTok Ads,TIK-6,3696,53,126019,5,0,0,1
2025-11-15,Meta Ads,MET-5,1224,24,99506,3,1,262785,1
2025-11-15,Meta Ads,MET-5,4626,100,405878,10,2,579473,1
2025-11-15,SEO / Organik,SEO-6,1791,199,0,30,7,2005244,0
2025-11-15,Meta Ads,MET-1,913,14,51310,0,0,0,1
2025-11-15,Meta Ads,MET-6,1398,21,82601,3,1,296225,1
2025-11-16,Meta Ads,MET-6,5299,90,287346,15,1,277650,1
2025-11-16,TikTok Ads,TIK-6,1826,25,62588,0,0,0,1
2025-11-16,TikTok Ads,TIK-7,3452,52,117556,3,0,0,1
2025-11-17,SEO / Organik,SEO-4,1969,179,0,42,5,1466797,0
2025-11-17,Email,EMA-1,3733,168,0,36,8,2601038,0
2025-11-17,Meta Ads,MET-8,5667,82,321321,8,2,606165,1
2025-11-17,TikTok Ads,TIK-4,2355,32,67709,1,0,0,1
2025-11-18,Meta Ads,MET-2,5070,84,350277,10,2,565036,1
2025-11-18,Google Ads,GOO-8,1056,39,185416,4,1,325123,1
2025-11-18,SEO / Organik,SEO-1,918,153,0,29,7,2000705,0
2025-11-18,Google Ads,GOO-4,3164,72,408259,12,1,338484,1
2025-11-18,SEO / Organik,SEO-6,1127,161,0,22,6,1948077,0
2025-11-18,TikTok Ads,TIK-4,3013,36,87313,4,1,228317,1
2025-11-18,Email,EMA-1,2666,120,0,17,3,1068725,0
2025-11-18,Email,EMA-8,2600,117,0,20,6,2105695,0
2025-11-19,SEO / Organik,SEO-5,1968,246,0,21,3,859797,0
2025-11-19,Email,EMA-6,911,41,0,9,5,1604968,0
2025-11-19,TikTok Ads,TIK-5,1720,15,32710,1,0,0,1
2025-11-19,Email,EMA-3,2266,102,0,23,6,1871515,0
2025-11-19,Google Ads,GOO-8,5452,183,889797,31,4,1181118,1
2025-11-20,TikTok Ads,TIK-6,5318,57,129739,4,0,0,1
2025-11-20,Email,EMA-1,3355,151,0,39,8,2526004,0
2025-11-20,Meta Ads,MET-1,3604,75,225226,11,2,527039,1
2025-11-20,SEO / Organik,SEO-7,2440,244,0,43,11,3371811,0
2025-11-20,Google Ads,GOO-2,2508,91,543964,10,1,294071,1
2025-11-20,Google Ads,GOO-6,5803,217,989411,38,14,4581984,1
2025-11-20,Meta Ads,MET-2,4748,72,292168,4,0,0,1
2025-11-20,Google Ads,GOO-4,3356,101,534080,14,4,1255089,1
2025-11-21,SEO / Organik,SEO-8,2400,240,0,33,11,3292603,0
2025-11-21,TikTok Ads,TIK-1,2228,19,40843,2,0,0,1
2025-11-21,Google Ads,GOO-1,1728,47,222425,11,3,943085,1
2025-11-21,TikTok Ads,TIK-1,4413,55,140119,2,1,259689,1
2025-11-21,Google Ads,GOO-1,5456,196,1152714,24,8,2273634,1
2025-11-21,SEO / Organik,SEO-4,656,82,0,10,3,899944,0
2025-11-22,TikTok Ads,TIK-7,3676,50,128400,6,1,235157,1
2025-11-22,Meta Ads,MET-1,4065,66,226176,10,1,299296,1
2025-11-23,Meta Ads,MET-6,1985,26,89989,3,1,277287,1
2025-11-23,TikTok Ads,TIK-5,5341,46,109579,4,2,440981,1
2025-11-23,TikTok Ads,TIK-4,3613,54,108826,4,2,503592,1
2025-11-23,SEO / Organik,SEO-5,1360,136,0,20,2,622937,0
2025-11-23,SEO / Organik,SEO-7,2431,221,0,34,5,1626827,0
2025-11-24,Google Ads,GOO-5,2378,68,310014,14,2,574180,1
2025-11-24,SEO / Organik,SEO-7,1755,195,0,33,3,871527,0
2025-11-24,SEO / Organik,SEO-7,324,54,0,2,0,0,0
2025-11-24,Meta Ads,MET-5,3864,61,225466,4,1,255937,1
2025-11-24,Email,EMA-1,2622,118,0,32,6,2114592,0
2025-11-24,Google Ads,GOO-7,5644,190,1183101,34,3,986513,1
2025-11-24,Google Ads,GOO-8,4939,145,821020,23,8,2616863,1
2025-11-25,Email,EMA-5,1555,70,0,11,2,622607,0
2025-11-26,Meta Ads,MET-6,5251,98,391466,5,1,264073,1
2025-11-26,TikTok Ads,TIK-2,5884,65,159578,4,1,224429,1
2025-11-26,Meta Ads,MET-3,2892,66,206831,2,1,276727,1
2025-11-26,Email,EMA-1,4244,191,0,46,10,3008242,0
2025-11-26,Google Ads,GOO-1,3042,89,407315,16,3,976521,1
2025-11-26,Meta Ads,MET-5,3332,77,279547,10,5,1290538,1
2025-11-26,Google Ads,GOO-6,5828,154,765076,30,10,3165227,1
2025-11-26,Meta Ads,MET-1,2374,32,129565,4,1,281683,1
2025-11-27,TikTok Ads,TIK-7,5008,66,127583,6,1,243216,1
2025-11-27,TikTok Ads,TIK-8,5017,77,160115,4,0,0,1
2025-11-27,Meta Ads,MET-5,3457,72,284640,7,3,778484,1
2025-11-27,TikTok Ads,TIK-8,5828,68,149716,8,1,251304,1
2025-11-27,Meta Ads,MET-5,4207,87,301935,7,2,512675,1
2025-11-27,Email,EMA-4,5422,244,0,33,6,2041462,0
2025-11-27,TikTok Ads,TIK-2,1816,17,32243,4,2,525174,1
2025-11-27,Meta Ads,MET-2,3261,44,177903,3,1,291234,1
2025-11-27,Email,EMA-8,2422,109,0,22,9,2952312,0
2025-11-27,Google Ads,GOO-6,3671,122,734288,23,5,1602806,1
2025-11-27,Google Ads,GOO-1,1784,70,345484,13,5,1455654,1
2025-11-27,Email,EMA-5,2044,92,0,19,5,1785969,0
2025-12-01,Google Ads,GOO-1,5325,169,995571,27,7,2001946,1
2025-12-01,Email,EMA-1,911,41,0,11,4,1339664,0
2025-12-02,Email,EMA-2,5288,238,0,53,13,4035974,0
2025-12-02,Meta Ads,MET-8,1533,21,74042,3,1,272630,1
2025-12-02,TikTok Ads,TIK-1,1152,11,25114,0,0,0,1
2025-12-02,Google Ads,GOO-8,5796,182,1082884,35,6,1910345,1
2025-12-02,Meta Ads,MET-1,907,13,44162,2,0,0,1
2025-12-03,Email,EMA-1,3244,146,0,30,5,1788168,0
2025-12-03,Email,EMA-8,5000,225,0,47,11,3847770,0
2025-12-03,SEO / Organik,SEO-2,2340,234,0,30,5,1577083,0
2025-12-03,SEO / Organik,SEO-2,931,133,0,19,3,889281,0
2025-12-04,TikTok Ads,TIK-1,4654,58,123288,5,0,0,1
2025-12-04,Google Ads,GOO-3,2536,67,394827,12,2,676285,1
2025-12-04,Email,EMA-1,3977,179,0,23,8,2707065,0
2025-12-04,SEO / Organik,SEO-1,2761,251,0,28,4,1315249,0
2025-12-04,Google Ads,GOO-2,5878,147,892362,24,3,959783,1
2025-12-04,Meta Ads,MET-8,2175,35,115348,3,1,294361,1
2025-12-04,Email,EMA-1,2000,90,0,21,8,2567741,0
2025-12-04,Google Ads,GOO-2,3149,104,486810,17,5,1624917,1
2025-12-05,Meta Ads,MET-7,1227,25,104410,1,0,0,1
2025-12-05,SEO / Organik,SEO-7,632,79,0,14,2,621324,0
2025-12-05,Email,EMA-4,2844,128,0,26,5,1617345,0
2025-12-05,TikTok Ads,TIK-5,2334,32,68564,1,0,0,1
2025-12-05,Meta Ads,MET-1,2213,51,172076,11,3,849591,1
2025-12-06,SEO / Organik,SEO-2,656,82,0,10,5,1550948,0
2025-12-06,Email,EMA-1,3155,142,0,25,10,3313824,0
2025-12-06,SEO / Organik,SEO-2,760,76,0,10,3,938345,0
2025-12-06,Email,EMA-3,933,42,0,8,4,1260907,0
2025-12-06,SEO / Organik,SEO-3,872,109,0,16,2,658487,0
2025-12-06,SEO / Organik,SEO-3,1370,137,0,23,3,926095,0
2025-12-06,Email,EMA-7,5022,226,0,41,9,3061744,0
2025-12-06,Google Ads,GOO-7,4234,149,832391,32,7,2026579,1
2025-12-06,TikTok Ads,TIK-6,3029,45,88387,2,0,0,1
2025-12-06,TikTok Ads,TIK-2,1142,17,37268,1,0,0,1
2025-12-07,SEO / Organik,SEO-6,2178,242,0,31,7,2013644,0
2025-12-07,Meta Ads,MET-8,1310,24,71568,5,3,910976,1
2025-12-07,TikTok Ads,TIK-5,5039,44,94696,3,0,0,1
2025-12-08,TikTok Ads,TIK-8,1500,18,46270,2,0,0,1
2025-12-08,TikTok Ads,TIK-2,2436,28,56038,3,2,437504,1
2025-12-08,SEO / Organik,SEO-8,288,48,0,7,2,578944,0
2025-12-08,Meta Ads,MET-1,5671,83,342416,8,3,863482,1
2025-12-08,Email,EMA-4,4911,221,0,32,7,2149276,0
2025-12-09,Meta Ads,MET-5,4195,77,244942,5,3,825511,1
2025-12-09,Email,EMA-5,1977,89,0,9,2,602741,0
2025-12-10,Meta Ads,MET-7,2186,49,150186,6,0,0,1
2025-12-10,Meta Ads,MET-1,1218,19,74680,2,0,0,1
2025-12-10,Google Ads,GOO-7,3518,140,867192,26,9,2669208,1
2025-12-10,SEO / Organik,SEO-2,742,106,0,11,2,565807,0
2025-12-10,Google Ads,GOO-7,5853,156,770244,28,6,1902642,1
2025-12-10,TikTok Ads,TIK-6,2200,23,60718,2,0,0,1
2025-12-11,Google Ads,GOO-1,5291,217,1126787,36,6,1739167,1
2025-12-11,TikTok Ads,TIK-2,4984,43,105321,4,0,0,1
2025-12-11,Google Ads,GOO-3,1370,51,257901,9,3,916928,1
2025-12-11,SEO / Organik,SEO-2,354,59,0,9,3,958445,0
2025-12-11,Email,EMA-7,5288,238,0,48,12,3789280,0
2025-12-11,Meta Ads,MET-2,5610,102,319336,12,4,1059500,1
2025-12-12,Email,EMA-4,5088,229,0,40,11,3862113,0
2025-12-12,Email,EMA-7,1111,50,0,13,3,1043304,0
2025-12-12,Google Ads,GOO-8,2601,106,468990,10,4,1330679,1
2025-12-12,Google Ads,GOO-5,2571,82,399981,11,1,299070,1
2025-12-12,SEO / Organik,SEO-6,1379,197,0,28,4,1282158,0
2025-12-12,Google Ads,GOO-5,1788,72,420593,5,1,311641,1
2025-12-12,Meta Ads,MET-8,3854,78,294947,9,4,1191603,1
2025-12-12,SEO / Organik,SEO-1,414,69,0,10,2,598854,0
2025-12-12,Meta Ads,MET-2,4799,95,361112,11,2,523323,1
2025-12-12,SEO / Organik,SEO-7,2380,238,0,37,10,3071518,0
2025-12-13,Meta Ads,MET-3,4722,81,265524,11,2,519737,1
2025-12-13,Email,EMA-3,4333,195,0,28,14,4874388,0
2025-12-13,Google Ads,GOO-8,3099,123,588221,25,7,2349031,1
2025-12-13,Google Ads,GOO-4,1006,23,134074,1,0,0,1
2025-12-13,SEO / Organik,SEO-1,606,101,0,20,5,1605168,0
2025-12-13,SEO / Organik,SEO-6,2552,232,0,29,9,2672354,0
2025-12-13,SEO / Organik,SEO-2,812,116,0,21,4,1123335,0
2025-12-14,Google Ads,GOO-6,2115,76,370496,20,7,2351425,1
2025-12-14,Email,EMA-6,3755,169,0,29,7,2331470,0
2025-12-14,Google Ads,GOO-6,5849,190,932372,25,4,1278126,1
2025-12-15,Meta Ads,MET-7,5055,85,269486,18,6,1673372,1
2025-12-15,Email,EMA-3,3688,166,0,38,14,5072496,0
2025-12-15,Email,EMA-5,4555,205,0,40,10,2982000,0
2025-12-15,SEO / Organik,SEO-7,1012,92,0,15,3,907469,0
2025-12-15,SEO / Organik,SEO-5,288,48,0,5,2,615024,0
2025-12-16,Google Ads,GOO-1,3030,72,383075,15,4,1209641,1
2025-12-16,SEO / Organik,SEO-1,715,65,0,5,1,323486,0
2025-12-16,Meta Ads,MET-4,2005,35,129914,6,1,258536,1
2025-12-16,Email,EMA-5,2911,131,0,36,7,2252312,0
2025-12-16,Meta Ads,MET-2,5509,85,339518,9,1,300173,1
2025-12-16,TikTok Ads,TIK-8,4417,67,140750,3,0,0,1
2025-12-16,Email,EMA-5,1666,75,0,13,4,1284177,0
2025-12-16,SEO / Organik,SEO-7,1776,222,0,38,7,2006716,0
2025-12-16,Google Ads,GOO-4,1403,35,183371,6,2,562455,1
2025-12-17,TikTok Ads,TIK-6,5721,65,138866,8,2,455689,1
2025-12-17,SEO / Organik,SEO-4,791,113,0,14,4,1083651,0
2025-12-17,Meta Ads,MET-5,5988,131,446580,15,3,838664,1
2025-12-17,Google Ads,GOO-8,3135,74,454190,13,2,565649,1
2025-12-17,TikTok Ads,TIK-6,3266,50,119507,1,0,0,1
2025-12-18,Meta Ads,MET-7,3114,48,152739,11,1,302724,1
2025-12-18,Google Ads,GOO-2,1654,64,397769,7,2,624041,1
2025-12-18,Meta Ads,MET-2,4618,79,267050,8,0,0,1
2025-12-18,Email,EMA-2,5555,250,0,43,12,3811734,0
2025-12-18,Email,EMA-3,4711,212,0,38,11,3787738,0
2025-12-18,Meta Ads,MET-5,2890,54,215388,5,0,0,1
2025-12-18,Meta Ads,MET-2,3150,60,210707,5,2,516418,1
2025-12-19,Google Ads,GOO-6,2797,103,567369,21,2,614299,1
2025-12-19,TikTok Ads,TIK-4,4988,67,152485,6,0,0,1
2025-12-19,TikTok Ads,TIK-2,5859,71,148980,8,1,225296,1
2025-12-20,Google Ads,GOO-3,5087,119,569972,24,10,3182447,1
2025-12-20,Meta Ads,MET-2,1513,28,114821,4,1,290533,1
2025-12-20,Meta Ads,MET-2,4478,64,231441,9,1,302474,1
2025-12-20,Meta Ads,MET-2,4587,63,238968,9,2,585661,1
2025-12-20,TikTok Ads,TIK-1,2048,26,57836,2,0,0,1
2025-12-20,TikTok Ads,TIK-4,3428,45,105786,2,1,241877,1
2025-12-20,Meta Ads,MET-4,1801,41,138200,6,0,0,1
2025-12-21,Meta Ads,MET-8,964,17,66028,4,0,0,1
2025-12-21,TikTok Ads,TIK-6,4076,34,83005,5,1,241493,1
2025-12-21,TikTok Ads,TIK-2,1284,14,34720,1,0,0,1
2025-12-21,Email,EMA-7,3488,157,0,28,5,1488399,0
2025-12-21,Email,EMA-2,3422,154,0,39,7,2293332,0
2025-12-21,SEO / Organik,SEO-1,1341,149,0,21,4,1145776,0
2025-12-21,TikTok Ads,TIK-4,3803,44,87095,3,1,241874,1
2025-12-22,Google Ads,GOO-6,2808,88,499963,9,2,664792,1
2025-12-22,Email,EMA-5,2933,132,0,32,9,3223803,0
2025-12-22,TikTok Ads,TIK-4,5924,69,166205,8,0,0,1
2025-12-22,TikTok Ads,TIK-2,5084,70,180893,9,1,216014,1
2025-12-22,Google Ads,GOO-1,2573,74,452993,11,2,574284,1
2025-12-22,Meta Ads,MET-6,3070,46,177736,4,0,0,1
2025-12-23,Meta Ads,MET-4,1410,30,98778,5,1,287676,1
2025-12-23,TikTok Ads,TIK-8,4124,39,92286,3,0,0,1
2025-12-23,SEO / Organik,SEO-5,1125,125,0,15,3,926422,0
2025-12-23,Email,EMA-3,5644,254,0,55,17,5554589,0
2025-12-23,TikTok Ads,TIK-1,4203,54,124588,5,1,239656,1
2025-12-23,Email,EMA-6,1733,78,0,24,8,2641002,0
2025-12-23,TikTok Ads,TIK-2,5466,73,151973,8,3,746635,1
2025-12-23,Google Ads,GOO-2,5661,132,694781,20,3,944178,1
2025-12-23,Email,EMA-2,2711,122,0,26,10,3369058,0
2025-12-23,Meta Ads,MET-7,1275,16,57066,3,2,549603,1
2025-12-23,Email,EMA-8,5666,255,0,45,16,5669552,0
2025-12-23,Google Ads,GOO-5,5206,178,951689,32,4,1210495,1
2025-12-23,SEO / Organik,SEO-3,480,60,0,10,2,636097,0
2025-12-23,SEO / Organik,SEO-1,1170,117,0,19,3,870430,0
2025-12-23,SEO / Organik,SEO-5,1696,212,0,37,9,2670545,0
2025-12-23,Google Ads,GOO-4,2520,75,406935,11,6,1717545,1
2025-12-24,SEO / Organik,SEO-4,1071,119,0,18,3,977867,0
2025-12-24,Email,EMA-5,4400,198,0,36,8,2735754,0
2025-12-24,Google Ads,GOO-6,931,38,199387,7,0,0,1
2025-12-24,Email,EMA-2,3666,165,0,45,6,1819231,0
2025-12-24,Google Ads,GOO-7,5205,213,1301599,33,6,1953819,1
2025-12-24,Email,EMA-1,4511,203,0,38,8,2747694,0
2025-12-24,SEO / Organik,SEO-6,678,113,0,13,3,915174,0
2025-12-24,TikTok Ads,TIK-7,2658,34,68304,5,0,0,1
2025-12-24,SEO / Organik,SEO-1,678,113,0,17,3,975800,0
2025-12-24,Meta Ads,MET-7,3379,43,136900,10,0,0,1
2025-12-25,Google Ads,GOO-5,3758,128,605727,19,8,2324830,1
2025-12-25,TikTok Ads,TIK-2,3787,50,99692,4,0,0,1
2025-12-25,Email,EMA-3,3400,153,0,30,8,2594323,0
2025-12-25,SEO / Organik,SEO-5,666,74,0,8,3,891032,0
2025-12-25,TikTok Ads,TIK-5,1522,21,51092,1,0,0,1
2025-12-26,SEO / Organik,SEO-2,328,41,0,5,1,272656,0
2025-12-26,Google Ads,GOO-7,4464,176,1065929,36,6,1747053,1
2025-12-26,TikTok Ads,TIK-1,4210,54,121125,7,2,481997,1
2025-12-26,SEO / Organik,SEO-6,1410,141,0,19,3,954032,0
2025-12-26,Google Ads,GOO-3,4803,122,571113,18,6,1775292,1
2025-12-26,TikTok Ads,TIK-4,3089,45,94884,2,1,220440,1
2025-12-27,TikTok Ads,TIK-3,5310,52,112207,4,1,223443,1
2025-12-27,SEO / Organik,SEO-1,1526,218,0,27,9,2765639,0
2025-12-27,Google Ads,GOO-4,2000,69,335035,6,0,0,1
2025-12-27,Google Ads,GOO-4,1852,75,428053,17,5,1592054,1
2025-12-27,Meta Ads,MET-4,1168,23,85978,2,1,286845,1
2025-12-27,Email,EMA-5,3466,156,0,33,6,2169571,0
2025-12-27,Email,EMA-7,2400,108,0,24,5,1573531,0
2025-12-27,SEO / Organik,SEO-7,1239,177,0,26,7,2020979,0
2025-12-27,SEO / Organik,SEO-6,1010,101,0,12,1,319202,0
2025-12-27,Email,EMA-6,3755,169,0,37,9,3122179,0
2026-01-01,SEO / Organik,SEO-2,1368,171,0,23,5,1571777,0
2026-01-01,TikTok Ads,TIK-2,4111,39,96685,5,1,246668,1
2026-01-01,Meta Ads,MET-7,3031,63,238726,6,0,0,1
2026-01-02,Email,EMA-1,1666,75,0,13,2,676200,0
2026-01-02,Meta Ads,MET-5,2240,43,130175,8,1,252406,1
2026-01-02,Google Ads,GOO-5,2257,65,324076,11,4,1153450,1
2026-01-02,Meta Ads,MET-4,5837,76,298379,8,1,295194,1
2026-01-03,Meta Ads,MET-1,961,14,56039,4,0,0,1
2026-01-03,SEO / Organik,SEO-7,1589,227,0,37,7,2163444,0
2026-01-03,Google Ads,GOO-6,1525,61,380235,7,1,338624,1
2026-01-03,Meta Ads,MET-2,4588,67,208978,9,1,259124,1
2026-01-03,SEO / Organik,SEO-2,1232,176,0,30,7,1907255,0
2026-01-03,Meta Ads,MET-6,1775,40,125624,5,0,0,1
2026-01-04,Email,EMA-6,2022,91,0,22,8,2588127,0
2026-01-04,Google Ads,GOO-3,922,30,159183,3,0,0,1
2026-01-04,SEO / Organik,SEO-4,1180,118,0,17,3,869457,0
2026-01-04,Meta Ads,MET-8,4867,75,302552,10,3,905186,1
2026-01-04,Email,EMA-7,1088,49,0,10,5,1594520,0
2026-01-04,Meta Ads,MET-2,5550,86,339017,11,1,300713,1
2026-01-04,Google Ads,GOO-2,1225,27,159425,5,2,600305,1
2026-01-05,SEO / Organik,SEO-4,1287,143,0,22,4,1203614,0
2026-01-05,Meta Ads,MET-2,3811,59,188501,7,1,304551,1
2026-01-05,Meta Ads,MET-1,3547,57,184300,6,2,537412,1
2026-01-05,Meta Ads,MET-6,1510,30,95980,3,0,0,1
2026-01-05,Email,EMA-5,5266,237,0,47,16,5014202,0
2026-01-05,TikTok Ads,TIK-1,2607,37,90464,1,0,0,1
2026-01-05,Google Ads,GOO-2,2444,100,591682,16,5,1446034,1
2026-01-06,Google Ads,GOO-6,2112,81,434240,14,6,2018576,1
2026-01-06,TikTok Ads,TIK-5,1397,13,30881,1,1,261169,1
2026-01-06,Google Ads,GOO-5,4899,116,572280,20,2,577476,1
2026-01-06,TikTok Ads,TIK-2,2651,39,87503,5,1,217385,1
2026-01-06,Email,EMA-4,4333,195,0,49,9,2680791,0
2026-01-06,TikTok Ads,TIK-8,5980,70,141270,4,0,0,1
2026-01-06,TikTok Ads,TIK-3,5574,70,159287,6,2,447761,1
2026-01-07,Email,EMA-8,1466,66,0,12,4,1324502,0
2026-01-07,Google Ads,GOO-8,908,29,155931,6,3,839924,1
2026-01-07,Email,EMA-7,2222,100,0,21,5,1558365,0
2026-01-07,Email,EMA-3,3022,136,0,19,4,1434184,0
2026-01-07,Email,EMA-6,3466,156,0,28,8,2698495,0
2026-01-08,TikTok Ads,TIK-2,2588,39,75352,8,0,0,1
2026-01-08,Email,EMA-8,2488,112,0,19,3,1046969,0
2026-01-08,TikTok Ads,TIK-2,4586,57,109687,5,3,719556,1
2026-01-08,Email,EMA-1,2577,116,0,23,7,2316936,0
2026-01-08,SEO / Organik,SEO-4,992,124,0,19,3,830055,0
2026-01-09,TikTok Ads,TIK-5,2586,31,64093,2,0,0,1
2026-01-09,Google Ads,GOO-1,5976,201,1048194,38,6,2022658,1
2026-01-09,Google Ads,GOO-7,3583,148,756194,33,7,2029627,1
2026-01-09,SEO / Organik,SEO-6,828,138,0,20,2,573004,0
2026-01-09,TikTok Ads,TIK-8,2894,42,106183,4,0,0,1
2026-01-10,SEO / Organik,SEO-7,1386,198,0,38,7,2025957,0
2026-01-10,Meta Ads,MET-6,812,16,59375,2,0,0,1
2026-01-10,Google Ads,GOO-4,4250,119,716839,15,3,840861,1
2026-01-10,SEO / Organik,SEO-2,546,91,0,13,0,0,0
2026-01-11,TikTok Ads,TIK-3,2587,30,77397,4,0,0,1
2026-01-11,Email,EMA-7,2177,98,0,18,3,927765,0
2026-01-11,TikTok Ads,TIK-3,4197,36,69577,2,1,219543,1
2026-01-11,TikTok Ads,TIK-3,2803,34,86444,4,0,0,1
2026-01-11,SEO / Organik,SEO-4,1749,159,0,20,3,899071,0
2026-01-11,Email,EMA-1,5244,236,0,40,7,2369364,0
2026-01-12,Google Ads,GOO-8,4150,152,785098,28,8,2390854,1
2026-01-12,Email,EMA-4,2844,128,0,26,8,2542137,0
2026-01-12,Google Ads,GOO-2,5046,187,902766,25,5,1490560,1
2026-01-12,Meta Ads,MET-3,1878,40,137037,5,1,288468,1
2026-01-12,SEO / Organik,SEO-3,1356,226,0,34,7,2040809,0
2026-01-12,Meta Ads,MET-1,2314,40,161713,4,1,278245,1
2026-01-13,Email,EMA-7,3355,151,0,22,6,1916116,0
2026-01-13,Meta Ads,MET-5,3077,45,143634,6,2,583610,1
2026-01-13,Email,EMA-3,2644,119,0,30,9,2765146,0
2026-01-13,Email,EMA-3,2177,98,0,21,2,693880,0
2026-01-14,TikTok Ads,TIK-3,2016,31,63983,5,1,253970,1
2026-01-14,Meta Ads,MET-1,5725,102,417518,10,3,776802,1
2026-01-14,Google Ads,GOO-6,1744,68,331598,10,1,336877,1
2026-01-14,Meta Ads,MET-1,2753,44,163493,2,0,0,1
2026-01-14,Meta Ads,MET-7,1566,20,68378,0,0,0,1
2026-01-14,Email,EMA-4,4955,223,0,49,13,4716760,0
2026-01-14,SEO / Organik,SEO-4,1168,146,0,20,2,545540,0
2026-01-14,Google Ads,GOO-4,2689,107,556834,18,2,592997,1
2026-01-14,Email,EMA-6,4800,216,0,54,14,4846577,0
2026-01-15,Email,EMA-7,4022,181,0,28,8,2785186,0
2026-01-15,SEO / Organik,SEO-7,588,98,0,12,3,857273,0
2026-01-15,TikTok Ads,TIK-5,2404,36,91033,4,0,0,1
2026-01-16,TikTok Ads,TIK-5,1782,16,32953,2,0,0,1
2026-01-16,Email,EMA-8,4155,187,0,27,7,2222974,0
2026-01-16,SEO / Organik,SEO-1,1386,231,0,39,11,3388810,0
2026-01-16,TikTok Ads,TIK-1,5351,68,176471,5,0,0,1
2026-01-16,SEO / Organik,SEO-2,2530,253,0,42,9,2764023,0
2026-01-16,Google Ads,GOO-2,3173,89,429014,6,0,0,1
2026-01-16,TikTok Ads,TIK-7,1255,16,36785,1,0,0,1
2026-01-16,Google Ads,GOO-4,3360,77,412207,10,0,0,1
2026-01-16,SEO / Organik,SEO-3,504,72,0,11,0,0,0
2026-01-17,TikTok Ads,TIK-6,5926,61,145135,6,0,0,1
2026-01-17,Meta Ads,MET-5,964,20,62216,3,1,262043,1
2026-01-17,TikTok Ads,TIK-2,1715,24,53368,2,0,0,1
2026-01-17,SEO / Organik,SEO-1,973,139,0,26,3,934256,0
2026-01-17,Meta Ads,MET-2,4366,55,230276,7,2,566293,1
2026-01-17,Email,EMA-3,3022,136,0,20,6,1808267,0
2026-01-18,Meta Ads,MET-2,4021,86,272389,15,3,801771,1
2026-01-18,SEO / Organik,SEO-3,1960,196,0,26,5,1463022,0
2026-01-18,SEO / Organik,SEO-2,1498,214,0,19,6,1914300,0
2026-01-18,SEO / Organik,SEO-8,1416,236,0,39,5,1459313,0
2026-01-18,Google Ads,GOO-5,3902,129,609127,17,2,579439,1
2026-01-18,SEO / Organik,SEO-3,750,125,0,19,4,1236362,0
2026-01-18,Email,EMA-5,4000,180,0,44,14,4608104,0
2026-01-18,TikTok Ads,TIK-4,4152,42,96170,3,1,257655,1
2026-01-18,Email,EMA-6,4422,199,0,47,13,4661740,0
2026-01-19,Google Ads,GOO-1,3221,127,728781,17,3,877702,1
2026-01-19,Email,EMA-8,3933,177,0,26,6,1936857,0
2026-01-19,TikTok Ads,TIK-4,4289,46,117407,5,3,740158,1
2026-01-19,Google Ads,GOO-1,5327,152,938266,23,2,571128,1
2026-01-19,Google Ads,GOO-4,1474,43,211607,8,2,626862,1
2026-01-19,Meta Ads,MET-5,3949,89,309251,10,3,795297,1
2026-01-19,Meta Ads,MET-5,5911,124,450263,18,2,603266,1
2026-01-19,Meta Ads,MET-4,3671,81,285576,14,4,1077971,1
2026-01-19,Email,EMA-1,4644,209,0,40,12,4219924,0
2026-01-19,SEO / Organik,SEO-7,1744,218,0,30,4,1129033,0
2026-01-20,SEO / Organik,SEO-7,1464,183,0,28,6,1737515,0
2026-01-20,SEO / Organik,SEO-5,1804,164,0,21,4,1292020,0
2026-01-20,Email,EMA-5,3533,159,0,33,10,3142916,0
2026-01-20,TikTok Ads,TIK-2,5525,85,168958,7,1,241586,1
2026-01-20,Google Ads,GOO-7,3429,78,470346,12,2,627450,1
2026-01-20,SEO / Organik,SEO-5,1134,162,0,24,3,984719,0
2026-01-21,SEO / Organik,SEO-6,759,69,0,9,1,273730,0
2026-01-21,SEO / Organik,SEO-1,1903,173,0,25,3,907487,0
2026-01-21,TikTok Ads,TIK-3,4419,53,111188,6,0,0,1
2026-01-21,Google Ads,GOO-1,3510,90,501148,10,0,0,1
2026-01-21,TikTok Ads,TIK-6,1564,23,50954,1,1,259305,1
2026-01-21,Google Ads,GOO-6,4495,132,649904,23,4,1147541,1
2026-01-21,Meta Ads,MET-7,1891,42,165621,5,0,0,1
2026-01-21,Google Ads,GOO-5,5974,148,827630,23,4,1352284,1
2026-01-21,Meta Ads,MET-2,5536,127,471330,16,4,1058803,1
2026-01-22,Meta Ads,MET-2,1739,27,111487,3,1,299024,1
2026-01-22,Meta Ads,MET-8,804,17,64395,1,1,261987,1
2026-01-22,Email,EMA-3,5488,247,0,49,12,3781239,0
2026-01-23,TikTok Ads,TIK-5,1592,19,46237,0,0,0,1
2026-01-23,TikTok Ads,TIK-1,4622,38,96656,2,0,0,1
2026-01-23,Google Ads,GOO-2,4957,119,573479,18,4,1283615,1
2026-01-23,SEO / Organik,SEO-6,1320,220,0,28,9,2669449,0
2026-01-23,Meta Ads,MET-3,2683,59,206537,4,1,277563,1
2026-01-23,Email,EMA-7,1488,67,0,13,4,1397414,0
2026-01-23,Meta Ads,MET-3,1806,32,95553,6,0,0,1
2026-01-24,Google Ads,GOO-2,3399,84,432895,14,1,320418,1
2026-01-24,SEO / Organik,SEO-1,264,44,0,8,2,647986,0
2026-01-25,SEO / Organik,SEO-5,2016,252,0,35,9,2487535,0
2026-01-25,TikTok Ads,TIK-2,5733,64,157672,3,1,229769,1
2026-01-25,Email,EMA-7,1044,47,0,10,1,328297,0
2026-01-25,TikTok Ads,TIK-1,875,13,27349,1,0,0,1
2026-01-26,Meta Ads,MET-5,3617,70,250203,8,0,0,1
2026-01-26,SEO / Organik,SEO-5,981,109,0,13,1,284469,0
2026-01-26,Email,EMA-8,4644,209,0,45,14,4398778,0
2026-01-26,Google Ads,GOO-3,1686,51,284163,12,2,628234,1
2026-01-26,Meta Ads,MET-2,5006,102,320495,6,0,0,1
2026-01-26,TikTok Ads,TIK-3,2500,21,39879,0,0,0,1
2026-01-26,Meta Ads,MET-6,1258,17,65937,3,0,0,1
2026-01-26,TikTok Ads,TIK-3,2069,28,54231,3,0,0,1
2026-01-27,Email,EMA-7,2222,100,0,20,3,1060271,0
2026-01-27,Meta Ads,MET-8,2673,60,217011,9,1,282991,1
2026-01-27,Google Ads,GOO-6,4282,148,746663,17,5,1502735,1
2026-01-27,Meta Ads,MET-7,4875,76,244678,6,0,0,1
2026-01-27,Google Ads,GOO-1,4363,166,910042,28,5,1625704,1
2026-01-27,Email,EMA-6,2933,132,0,22,8,2862930,0
2026-01-27,TikTok Ads,TIK-3,5317,76,178270,6,0,0,1
2026-02-01,SEO / Organik,SEO-1,1067,97,0,13,1,279620,0
2026-02-01,Google Ads,GOO-2,1259,46,217522,8,3,841233,1
2026-02-01,TikTok Ads,TIK-8,2349,30,67045,1,0,0,1
2026-02-01,Google Ads,GOO-5,5299,138,768943,22,4,1144323,1
2026-02-01,Email,EMA-4,5133,231,0,48,12,3704146,0
2026-02-01,Meta Ads,MET-7,5848,98,384940,10,1,259048,1
2026-02-01,SEO / Organik,SEO-7,1850,185,0,30,5,1406222,0
2026-02-01,TikTok Ads,TIK-1,4487,62,137240,13,2,442561,1
2026-02-01,TikTok Ads,TIK-8,3066,31,64754,3,1,223197,1
2026-02-01,Meta Ads,MET-3,5679,109,346674,14,3,907719,1
2026-02-02,SEO / Organik,SEO-3,1168,146,0,17,6,1688494,0
2026-02-02,TikTok Ads,TIK-2,2596,34,86221,1,0,0,1
2026-02-02,TikTok Ads,TIK-6,4527,48,115924,4,2,446765,1
2026-02-02,Meta Ads,MET-7,1998,37,132917,3,0,0,1
2026-02-02,SEO / Organik,SEO-4,1170,195,0,24,3,854945,0
2026-02-02,SEO / Organik,SEO-8,972,108,0,17,4,1273901,0
2026-02-02,Meta Ads,MET-2,5839,112,439032,9,2,603560,1
2026-02-02,Meta Ads,MET-6,3770,47,168691,10,1,274794,1
2026-02-03,TikTok Ads,TIK-3,5115,67,162564,7,3,760573,1
2026-02-03,Google Ads,GOO-7,3562,125,664352,24,8,2485312,1
2026-02-03,Meta Ads,MET-4,2197,42,155882,5,1,289553,1
2026-02-03,SEO / Organik,SEO-5,539,49,0,6,1,320537,0
2026-02-03,Email,EMA-8,5333,240,0,51,11,3735600,0
2026-02-03,Meta Ads,MET-8,1699,36,135419,5,2,592109,1
2026-02-03,Meta Ads,MET-7,5350,95,337993,14,0,0,1
2026-02-03,SEO / Organik,SEO-3,710,71,0,11,2,612893,0
2026-02-03,TikTok Ads,TIK-6,4771,43,84089,3,0,0,1
2026-02-03,Email,EMA-2,1822,82,0,20,2,630539,0
2026-02-04,Email,EMA-4,5000,225,0,49,14,4567906,0
2026-02-04,Meta Ads,MET-3,3430,50,169570,4,1,293336,1
2026-02-04,Email,EMA-4,1155,52,0,13,6,2086473,0
2026-02-04,TikTok Ads,TIK-8,1948,20,44231,2,0,0,1
2026-02-05,Google Ads,GOO-2,2759,103,487412,19,4,1229471,1
2026-02-05,Meta Ads,MET-5,5733,93,309573,15,4,1209276,1
2026-02-05,Meta Ads,MET-3,2795,57,206913,9,2,543067,1
2026-02-05,Google Ads,GOO-2,4590,116,587942,14,4,1176586,1
2026-02-05,SEO / Organik,SEO-5,973,139,0,14,3,864234,0
2026-02-06,TikTok Ads,TIK-8,1235,18,47053,1,0,0,1
2026-02-06,SEO / Organik,SEO-2,1652,236,0,38,6,1917847,0
2026-02-06,Meta Ads,MET-7,5337,91,350693,9,1,279618,1
2026-02-06,Meta Ads,MET-4,4433,92,308300,5,1,261504,1
2026-02-06,Google Ads,GOO-8,3642,127,667457,22,7,2261864,1
2026-02-07,TikTok Ads,TIK-8,1226,12,29053,0,0,0,1
2026-02-07,Email,EMA-5,5222,235,0,52,15,4977740,0
2026-02-07,Meta Ads,MET-2,2626,48,195608,4,1,296317,1
2026-02-07,TikTok Ads,TIK-3,5683,48,106747,6,1,235435,1
2026-02-07,TikTok Ads,TIK-6,3893,48,121628,2,0,0,1
2026-02-07,Google Ads,GOO-8,3718,114,680983,22,6,1913932,1
2026-02-07,Meta Ads,MET-6,5399,94,385699,12,2,603974,1
2026-02-07,Google Ads,GOO-3,1222,33,177702,3,1,292980,1
2026-02-07,Google Ads,GOO-2,1651,38,212495,7,1,333498,1
2026-02-08,TikTok Ads,TIK-5,994,10,20824,1,1,252163,1
2026-02-08,Email,EMA-5,1333,60,0,11,1,331366,0
2026-02-08,SEO / Organik,SEO-7,1184,148,0,15,2,625718,0
2026-02-08,Email,EMA-5,5111,230,0,42,7,2174035,0
2026-02-08,TikTok Ads,TIK-6,1354,12,31119,0,0,0,1
2026-02-09,SEO / Organik,SEO-3,1448,181,0,21,4,1282572,0
2026-02-09,TikTok Ads,TIK-1,5148,55,107435,3,0,0,1
2026-02-09,Meta Ads,MET-2,3071,62,235093,3,1,297337,1
2026-02-09,Google Ads,GOO-3,1843,46,253635,7,0,0,1
2026-02-09,Google Ads,GOO-6,2207,71,382002,10,4,1150204,1
2026-02-09,Google Ads,GOO-4,5478,132,722634,30,4,1307435,1
2026-02-09,TikTok Ads,TIK-4,4434,67,144803,4,2,520027,1
2026-02-10,Email,EMA-5,3222,145,0,25,3,1019727,0
2026-02-10,SEO / Organik,SEO-4,1799,257,0,33,7,2173617,0
2026-02-10,Meta Ads,MET-8,2919,57,193526,7,1,301679,1
2026-02-10,SEO / Organik,SEO-6,819,117,0,20,6,1672415,0
2026-02-10,Meta Ads,MET-4,3062,66,241526,9,3,894921,1
2026-02-10,TikTok Ads,TIK-5,4218,37,77933,3,1,223730,1
2026-02-10,Google Ads,GOO-4,4969,118,726205,19,4,1340554,1
2026-02-10,SEO / Organik,SEO-3,1150,115,0,14,6,1904936,0
2026-02-10,Google Ads,GOO-3,1801,69,359102,14,3,959839,1
2026-02-10,Email,EMA-2,1377,62,0,10,1,314030,0
2026-02-10,Google Ads,GOO-2,3020,120,608773,18,6,1908866,1
2026-02-11,Email,EMA-3,5288,238,0,53,11,3578552,0
2026-02-11,Google Ads,GOO-8,2795,87,463725,19,4,1184567,1
2026-02-11,Email,EMA-6,2200,99,0,16,4,1385312,0
2026-02-12,TikTok Ads,TIK-1,4349,43,100850,4,0,0,1
2026-02-12,Google Ads,GOO-1,4294,96,511601,17,0,0,1
2026-02-12,Email,EMA-8,4533,204,0,39,9,2699675,0
2026-02-12,Email,EMA-7,1133,51,0,10,1,356167,0
2026-02-12,Email,EMA-5,5533,249,0,55,14,4287042,0
2026-02-12,Google Ads,GOO-3,1979,48,218775,11,1,312006,1
2026-02-13,Meta Ads,MET-8,2516,46,178956,6,2,535557,1
2026-02-13,Email,EMA-8,3600,162,0,30,13,4483737,0
2026-02-13,SEO / Organik,SEO-7,1431,159,0,28,5,1469044,0
2026-02-13,Email,EMA-6,2577,116,0,30,7,2403885,0
2026-02-13,TikTok Ads,TIK-4,1327,17,36322,0,0,0,1
2026-02-13,Meta Ads,MET-2,2477,41,159799,5,2,592929,1
2026-02-13,SEO / Organik,SEO-6,1914,174,0,20,5,1424789,0
2026-02-14,SEO / Organik,SEO-8,1792,256,0,35,8,2233072,0
2026-02-14,SEO / Organik,SEO-5,1512,216,0,28,1,276550,0
2026-02-14,Google Ads,GOO-7,5624,192,872753,39,13,4093889,1
2026-02-15,Meta Ads,MET-3,2966,68,252848,9,1,260472,1
2026-02-15,TikTok Ads,TIK-6,3301,38,87315,2,0,0,1
2026-02-15,Email,EMA-3,5044,227,0,40,13,4686487,0
2026-02-15,SEO / Organik,SEO-8,306,51,0,7,3,867851,0
2026-02-15,Meta Ads,MET-4,1925,26,99050,2,0,0,1
2026-02-15,Email,EMA-5,2400,108,0,27,3,1038996,0
2026-02-15,Google Ads,GOO-5,3699,108,488569,16,5,1573471,1
2026-02-16,SEO / Organik,SEO-1,1652,236,0,29,7,2260041,0
2026-02-16,SEO / Organik,SEO-1,469,67,0,11,2,657778,0
2026-02-16,Meta Ads,MET-4,2744,43,152483,4,0,0,1
2026-02-16,Google Ads,GOO-2,1885,70,324720,12,2,645033,1
2026-02-16,TikTok Ads,TIK-7,1620,24,54712,2,1,253749,1
2026-02-16,Google Ads,GOO-4,5093,211,969803,37,7,2382846,1
2026-02-16,Email,EMA-1,1200,54,0,10,2,676026,0
2026-02-17,TikTok Ads,TIK-3,3815,47,90046,4,0,0,1
2026-02-17,TikTok Ads,TIK-4,1433,14,26469,4,0,0,1
2026-02-17,TikTok Ads,TIK-7,4257,61,157635,6,0,0,1
2026-02-17,Meta Ads,MET-2,3437,79,279490,7,0,0,1
2026-02-17,SEO / Organik,SEO-7,2332,212,0,23,3,945012,0
2026-02-18,Google Ads,GOO-2,5911,156,835963,30,9,2511797,1
2026-02-18,TikTok Ads,TIK-2,1669,17,44224,0,0,0,1
2026-02-18,TikTok Ads,TIK-8,4300,65,136145,4,1,244822,1
2026-02-18,TikTok Ads,TIK-5,4090,60,132379,6,1,258565,1
2026-02-18,Google Ads,GOO-7,4815,158,962223,28,6,1983695,1
2026-02-19,Meta Ads,MET-2,3799,65,262035,8,1,259743,1
2026-02-19,SEO / Organik,SEO-8,1056,132,0,9,2,614445,0
2026-02-19,SEO / Organik,SEO-4,2057,187,0,28,11,3204789,0
2026-02-19,Email,EMA-8,1577,71,0,10,2,641613,0
2026-02-20,Google Ads,GOO-1,1262,49,249864,12,2,601566,1
2026-02-20,Meta Ads,MET-5,2703,44,177268,4,0,0,1
2026-02-20,Email,EMA-4,1822,82,0,17,4,1357806,0
2026-02-20,SEO / Organik,SEO-1,1414,202,0,32,6,1664789,0
2026-02-20,Google Ads,GOO-4,1283,37,176124,5,1,291293,1
2026-02-20,TikTok Ads,TIK-1,3634,53,136392,6,2,484294,1
2026-02-20,Google Ads,GOO-8,4380,152,825118,23,6,1913193,1
2026-02-20,Meta Ads,MET-1,5860,126,376996,17,3,825975,1
2026-02-21,Google Ads,GOO-4,5094,178,1086209,28,8,2611069,1
2026-02-21,TikTok Ads,TIK-1,3596,32,61067,4,1,220602,1
2026-02-21,TikTok Ads,TIK-8,4098,50,97052,8,1,259542,1
2026-02-21,SEO / Organik,SEO-1,602,86,0,10,1,308673,0
2026-02-21,Email,EMA-1,4177,188,0,45,17,5623765,0
2026-02-21,Google Ads,GOO-2,2014,47,250943,6,1,291551,1
2026-02-21,Email,EMA-8,4577,206,0,51,10,3551569,0
2026-02-21,Email,EMA-5,3377,152,0,36,7,2440577,0
2026-02-21,Meta Ads,MET-6,4729,66,216822,8,0,0,1
2026-02-21,Meta Ads,MET-8,1236,18,75438,1,0,0,1
2026-02-22,TikTok Ads,TIK-5,1644,21,40571,6,1,248554,1
2026-02-22,SEO / Organik,SEO-5,896,128,0,17,4,1287847,0
2026-02-22,Google Ads,GOO-8,2829,85,402307,15,3,1011711,1
2026-02-22,TikTok Ads,TIK-2,2089,18,34901,1,0,0,1
2026-02-22,Google Ads,GOO-4,5299,136,770046,25,6,1725704,1
2026-02-22,Google Ads,GOO-5,4530,102,635682,18,4,1272028,1
2026-02-23,SEO / Organik,SEO-2,1248,156,0,18,5,1625202,0
2026-02-23,SEO / Organik,SEO-6,612,102,0,14,3,979065,0
2026-02-23,Meta Ads,MET-4,2262,49,169956,7,1,298786,1
2026-02-23,SEO / Organik,SEO-8,1430,143,0,22,4,1252508,0
2026-02-24,Email,EMA-2,3644,164,0,37,15,5409843,0
2026-02-24,SEO / Organik,SEO-3,800,80,0,13,2,590406,0
2026-02-24,Meta Ads,MET-2,1784,26,80003,2,0,0,1
2026-02-24,Meta Ads,MET-4,2619,58,176053,5,1,304637,1
2026-02-24,SEO / Organik,SEO-4,2110,211,0,28,8,2529691,0
2026-02-24,TikTok Ads,TIK-7,1327,19,41793,4,1,218732,1
2026-02-24,TikTok Ads,TIK-4,1358,18,45812,3,0,0,1
2026-02-25,Meta Ads,MET-1,3176,55,181190,9,1,253514,1
2026-02-25,Email,EMA-2,2688,121,0,26,1,344875,0
2026-02-25,SEO / Organik,SEO-1,942,157,0,27,2,546492,0
2026-02-25,SEO / Organik,SEO-4,1320,220,0,22,4,1179657,0
2026-02-25,SEO / Organik,SEO-5,430,43,0,7,1,325204,0
2026-02-26,Email,EMA-5,4155,187,0,35,8,2735489,0
2026-02-26,Email,EMA-5,4511,203,0,50,11,3834666,0
2026-02-26,TikTok Ads,TIK-4,982,10,19163,1,0,0,1
2026-02-26,Google Ads,GOO-7,5895,200,1004499,31,11,3199477,1
2026-02-26,SEO / Organik,SEO-6,2590,259,0,31,5,1521056,0
2026-02-26,Email,EMA-8,3066,138,0,33,6,2021217,0
2026-02-26,Meta Ads,MET-5,2516,50,149951,6,2,575047,1
2026-02-26,SEO / Organik,SEO-2,1665,185,0,31,7,2290572,0
2026-02-27,Meta Ads,MET-5,2057,42,163442,9,0,0,1
2026-02-27,Meta Ads,MET-5,5073,99,408294,6,1,302740,1
2026-02-27,Google Ads,GOO-1,2525,60,312841,9,2,566391,1
2026-02-27,Meta Ads,MET-8,1080,14,48705,3,1,257395,1
2026-02-27,SEO / Organik,SEO-6,954,159,0,22,3,929083,0
2026-02-27,Email,EMA-3,2022,91,0,17,3,992543,0
2026-02-27,Meta Ads,MET-5,5738,116,449466,12,1,263175,1
2026-02-27,Google Ads,GOO-8,3779,126,582927,17,5,1467520,1
2026-02-27,SEO / Organik,SEO-6,678,113,0,16,2,544039,0
2026-03-01,Google Ads,GOO-2,1283,29,177543,3,1,322738,1
2026-03-01,Google Ads,GOO-7,5888,214,1143870,35,12,3944056,1
2026-03-01,Google Ads,GOO-2,3323,101,612321,11,1,280844,1
2026-03-01,Meta Ads,MET-7,5765,75,242505,13,0,0,1
2026-03-01,Email,EMA-3,4311,194,0,39,9,3088731,0
2026-03-01,Meta Ads,MET-4,2344,49,185228,6,0,0,1
2026-03-01,TikTok Ads,TIK-2,4462,37,75795,1,0,0,1
2026-03-02,Email,EMA-6,3822,172,0,36,7,2280453,0
2026-03-02,Email,EMA-3,5266,237,0,46,16,4912135,0
2026-03-02,Email,EMA-8,5244,236,0,41,12,4224486,0
2026-03-02,TikTok Ads,TIK-1,4958,44,86680,5,1,217730,1
2026-03-02,TikTok Ads,TIK-7,4298,48,112267,3,0,0,1
2026-03-02,TikTok Ads,TIK-1,3492,52,116395,9,0,0,1
2026-03-02,Email,EMA-1,1933,87,0,23,5,1797201,0
2026-03-02,SEO / Organik,SEO-3,833,119,0,16,2,541160,0
2026-03-02,Meta Ads,MET-6,2957,52,165944,4,1,259705,1
2026-03-03,Meta Ads,MET-3,4101,90,345740,11,2,605212,1
2026-03-03,Meta Ads,MET-3,1240,23,91483,2,1,254469,1
2026-03-03,Meta Ads,MET-1,5129,92,326298,16,2,575464,1
2026-03-03,Meta Ads,MET-1,5093,102,329644,11,1,270953,1
2026-03-03,SEO / Organik,SEO-1,784,98,0,14,5,1567205,0
2026-03-04,Meta Ads,MET-1,2242,49,155058,5,2,572846,1
2026-03-04,SEO / Organik,SEO-6,1458,243,0,30,4,1283363,0
2026-03-04,Email,EMA-3,1022,46,0,10,3,893999,0
2026-03-04,Email,EMA-7,3133,141,0,34,6,1898765,0
2026-03-04,Google Ads,GOO-4,2377,93,451380,13,5,1702200,1
2026-03-04,Email,EMA-5,2488,112,0,18,7,2449202,0
2026-03-04,Meta Ads,MET-2,2249,38,153724,6,0,0,1
2026-03-04,Meta Ads,MET-6,3053,48,188016,11,2,548487,1
2026-03-04,TikTok Ads,TIK-1,1477,17,35354,1,0,0,1
2026-03-04,Email,EMA-7,1266,57,0,14,4,1319356,0
2026-03-04,Google Ads,GOO-8,5505,125,553028,18,5,1443571,1
2026-03-05,SEO / Organik,SEO-6,680,85,0,13,3,816502,0
2026-03-05,Google Ads,GOO-3,5888,219,1345900,41,9,2938677,1
2026-03-05,Meta Ads,MET-3,3152,59,176959,7,3,834249,1
2026-03-05,Google Ads,GOO-5,1062,23,134205,3,0,0,1
2026-03-05,SEO / Organik,SEO-5,900,150,0,20,4,1166196,0
2026-03-05,TikTok Ads,TIK-7,3067,28,65229,2,1,237397,1
2026-03-05,TikTok Ads,TIK-4,3165,47,89600,6,2,498557,1
2026-03-06,Meta Ads,MET-2,3493,60,184358,6,0,0,1
2026-03-06,TikTok Ads,TIK-2,5889,55,112755,4,0,0,1
2026-03-06,Google Ads,GOO-4,5997,144,774147,30,5,1664072,1
2026-03-06,SEO / Organik,SEO-3,1206,201,0,32,4,1301761,0
2026-03-06,Meta Ads,MET-2,5383,121,391199,15,1,299991,1
2026-03-06,TikTok Ads,TIK-7,2748,24,48719,2,0,0,1
2026-03-07,SEO / Organik,SEO-7,1023,93,0,14,2,617890,0
2026-03-07,Email,EMA-8,5377,242,0,46,9,2698559,0
2026-03-07,TikTok Ads,TIK-6,4106,49,106443,9,0,0,1
2026-03-07,Email,EMA-7,3422,154,0,26,7,2147846,0
2026-03-08,TikTok Ads,TIK-5,3196,27,58924,0,0,0,1
2026-03-08,Google Ads,GOO-1,4337,118,603977,16,4,1223168,1
2026-03-08,Email,EMA-1,933,42,0,6,3,906538,0
2026-03-08,Email,EMA-8,5133,231,0,52,12,4075055,0
2026-03-08,SEO / Organik,SEO-2,2232,248,0,37,11,3199389,0
2026-03-08,TikTok Ads,TIK-6,3340,29,58354,2,0,0,1
2026-03-09,Email,EMA-1,3466,156,0,30,8,2862389,0
2026-03-09,Email,EMA-7,4533,204,0,40,6,2059424,0
2026-03-09,Google Ads,GOO-2,3882,117,652082,25,6,1939447,1
2026-03-09,TikTok Ads,TIK-8,3462,44,109311,1,0,0,1
2026-03-09,Google Ads,GOO-1,5625,153,796753,17,3,886928,1
2026-03-10,Email,EMA-6,2355,106,0,25,9,2776874,0
2026-03-10,Email,EMA-1,3311,149,0,31,7,2227228,0
2026-03-10,Google Ads,GOO-8,1057,41,251861,7,3,1015259,1
2026-03-10,SEO / Organik,SEO-3,1110,185,0,21,6,1797025,0
2026-03-10,Meta Ads,MET-8,3568,63,247457,11,2,534165,1
2026-03-10,Meta Ads,MET-7,5962,108,333357,11,5,1352691,1
2026-03-10,SEO / Organik,SEO-6,1976,247,0,45,6,1743255,0
2026-03-10,SEO / Organik,SEO-3,2618,238,0,26,7,2081547,0
2026-03-10,TikTok Ads,TIK-3,1497,21,49887,0,0,0,1
2026-03-11,SEO / Organik,SEO-2,1832,229,0,29,5,1414088,0
2026-03-11,SEO / Organik,SEO-7,2300,230,0,32,6,1922779,0
2026-03-11,TikTok Ads,TIK-1,1229,13,34038,0,0,0,1
2026-03-11,TikTok Ads,TIK-8,2976,37,71868,2,0,0,1
2026-03-11,Meta Ads,MET-6,4057,77,313967,8,1,273727,1
2026-03-12,SEO / Organik,SEO-2,1881,171,0,24,4,1234892,0
2026-03-12,Google Ads,GOO-5,5450,181,911839,24,4,1264918,1
2026-03-12,SEO / Organik,SEO-6,1645,235,0,35,8,2351594,0
2026-03-12,TikTok Ads,TIK-3,1236,18,35814,2,0,0,1
2026-03-13,Meta Ads,MET-1,3937,79,331089,13,2,524381,1
2026-03-13,SEO / Organik,SEO-2,1590,159,0,30,7,2162298,0
2026-03-13,Email,EMA-8,3733,168,0,36,9,3164728,0
2026-03-13,Google Ads,GOO-2,5194,163,1013377,22,5,1532447,1
2026-03-13,Google Ads,GOO-8,2322,62,382641,8,0,0,1
2026-03-14,Google Ads,GOO-8,4654,170,950482,29,5,1499816,1
2026-03-14,Google Ads,GOO-3,5365,180,805378,25,5,1671398,1
2026-03-14,Email,EMA-3,1088,49,0,7,1,352790,0
2026-03-14,Email,EMA-3,1666,75,0,14,4,1322274,0
2026-03-14,Google Ads,GOO-7,5380,207,1215447,34,2,590281,1
2026-03-14,TikTok Ads,TIK-1,5501,82,175762,11,2,457955,1
2026-03-14,Google Ads,GOO-8,3949,149,854715,22,7,2118838,1
2026-03-15,TikTok Ads,TIK-4,5267,51,115172,3,1,254977,1
2026-03-15,TikTok Ads,TIK-8,4477,60,117604,4,1,221107,1
2026-03-15,Google Ads,GOO-5,5991,198,1215738,32,12,3539053,1
2026-03-15,TikTok Ads,TIK-4,4473,45,94861,8,0,0,1
2026-03-16,TikTok Ads,TIK-4,4792,54,114702,1,0,0,1
2026-03-16,Meta Ads,MET-4,5906,124,497411,18,3,788337,1
2026-03-16,Meta Ads,MET-2,2603,52,169950,4,0,0,1
2026-03-16,Email,EMA-1,4977,224,0,41,8,2434190,0
2026-03-16,Google Ads,GOO-1,2139,72,351978,11,1,304070,1
2026-03-16,Google Ads,GOO-4,2185,56,284846,8,2,642757,1
2026-03-16,TikTok Ads,TIK-8,4705,70,174008,9,2,497246,1
2026-03-16,TikTok Ads,TIK-6,803,7,15891,0,0,0,1
2026-03-17,SEO / Organik,SEO-8,1253,179,0,23,1,292891,0
2026-03-17,Email,EMA-4,1711,77,0,17,4,1451233,0
2026-03-17,Meta Ads,MET-7,2236,44,138287,3,1,304383,1
2026-03-17,TikTok Ads,TIK-1,4965,59,140549,4,0,0,1
2026-03-17,SEO / Organik,SEO-8,336,42,0,6,4,1167391,0
2026-03-17,TikTok Ads,TIK-3,3007,37,93552,0,0,0,1
2026-03-17,TikTok Ads,TIK-1,3916,46,93021,5,1,238991,1
2026-03-17,TikTok Ads,TIK-5,5945,79,199469,6,0,0,1
2026-03-18,SEO / Organik,SEO-5,649,59,0,6,1,294592,0
2026-03-18,TikTok Ads,TIK-5,4841,62,120939,10,0,0,1
2026-03-18,Google Ads,GOO-5,3792,107,496942,27,3,925119,1
2026-03-18,Email,EMA-4,3822,172,0,28,6,1971529,0
2026-03-18,Meta Ads,MET-3,1834,36,140398,5,1,257723,1
2026-03-18,Email,EMA-5,977,44,0,12,2,695407,0
2026-03-19,Google Ads,GOO-8,1185,31,139092,5,2,627351,1
2026-03-19,Meta Ads,MET-8,1999,27,89961,1,0,0,1
2026-03-19,Email,EMA-7,2022,91,0,17,5,1585220,0
2026-03-19,Meta Ads,MET-1,4863,68,240432,12,1,269994,1
2026-03-19,Meta Ads,MET-2,1205,20,72315,2,0,0,1
2026-03-19,Email,EMA-1,2400,108,0,19,5,1724860,0
2026-03-19,Meta Ads,MET-5,1066,17,62250,4,0,0,1
2026-03-20,Google Ads,GOO-1,4087,134,645324,21,4,1191888,1
2026-03-20,TikTok Ads,TIK-6,1346,13,33594,0,0,0,1
2026-03-20,Google Ads,GOO-4,942,35,213733,5,2,622506,1
2026-03-20,TikTok Ads,TIK-2,4440,52,101440,5,0,0,1
2026-03-20,SEO / Organik,SEO-4,1260,140,0,12,3,882288,0
2026-03-20,Meta Ads,MET-5,3721,64,266782,8,1,258621,1
2026-03-21,Meta Ads,MET-1,2965,49,202801,4,0,0,1
2026-03-21,Meta Ads,MET-4,4031,58,190307,7,1,282880,1
2026-03-21,SEO / Organik,SEO-6,1827,203,0,38,3,875947,0
2026-03-21,Email,EMA-7,1844,83,0,15,1,320431,0
2026-03-21,Email,EMA-7,2177,98,0,23,4,1195452,0
2026-03-21,Email,EMA-8,4844,218,0,42,14,4695309,0
2026-03-21,TikTok Ads,TIK-1,5386,50,116560,4,1,234935,1
2026-03-21,Email,EMA-3,4933,222,0,59,23,7560435,0
2026-03-22,SEO / Organik,SEO-6,2189,199,0,34,5,1547094,0
2026-03-22,TikTok Ads,TIK-4,2266,28,65453,3,1,246196,1
2026-03-22,Google Ads,GOO-2,2152,83,487994,10,1,299472,1
2026-03-22,Email,EMA-4,5111,230,0,36,9,2872255,0
2026-03-22,TikTok Ads,TIK-4,4710,60,154834,6,1,259639,1
2026-03-22,Meta Ads,MET-8,835,15,47325,3,0,0,1
2026-03-23,TikTok Ads,TIK-3,3670,52,136374,4,0,0,1
2026-03-23,Google Ads,GOO-7,3641,99,597021,21,5,1583075,1
2026-03-23,Meta Ads,MET-5,3302,68,211788,6,2,545448,1
2026-03-23,Email,EMA-3,1000,45,0,6,1,347778,0
2026-03-23,SEO / Organik,SEO-8,828,92,0,18,5,1369536,0
2026-03-23,Email,EMA-5,2733,123,0,29,11,3954860,0
2026-03-23,Email,EMA-7,1533,69,0,13,5,1738107,0
2026-03-24,Google Ads,GOO-6,5100,118,681171,13,3,924902,1
2026-03-24,SEO / Organik,SEO-7,603,67,0,12,3,987666,0
2026-03-24,Google Ads,GOO-3,5930,238,1311750,43,12,4005673,1
2026-03-24,Meta Ads,MET-2,5494,77,314351,8,4,1188788,1
2026-03-24,TikTok Ads,TIK-4,4013,40,75050,6,0,0,1
2026-03-25,Email,EMA-2,1177,53,0,12,3,935566,0
2026-03-25,Google Ads,GOO-7,3560,124,548314,17,4,1248256,1
2026-03-25,Email,EMA-8,2888,130,0,28,5,1690645,0
2026-03-25,TikTok Ads,TIK-4,938,13,28618,1,1,224627,1
2026-03-25,SEO / Organik,SEO-6,1744,218,0,33,10,3238283,0
2026-03-26,Email,EMA-7,5133,231,0,42,9,3208462,0
2026-03-26,Email,EMA-8,1666,75,0,14,2,723227,0
2026-03-26,Google Ads,GOO-5,992,26,161607,5,2,567788,1
2026-03-26,Email,EMA-1,1955,88,0,15,3,993167,0
2026-03-26,SEO / Organik,SEO-1,1752,219,0,40,6,1970115,0
2026-03-26,SEO / Organik,SEO-7,945,135,0,16,4,1253781,0
2026-03-27,Google Ads,GOO-3,1897,52,313046,7,1,294210,1
2026-03-27,TikTok Ads,TIK-4,2380,29,67981,5,0,0,1
2026-03-27,Google Ads,GOO-4,5003,135,705265,19,8,2706966,1
2026-03-27,SEO / Organik,SEO-2,834,139,0,18,3,942731,0
2026-03-27,Meta Ads,MET-6,5804,106,343468,12,1,306167,1
2026-03-27,Meta Ads,MET-8,4515,70,235155,6,1,291383,1
2026-03-27,SEO / Organik,SEO-2,1372,196,0,28,4,1119249,0
2026-03-27,Google Ads,GOO-5,3295,107,496775,17,3,1003648,1
2026-03-27,SEO / Organik,SEO-4,1360,136,0,21,5,1628451,0
2026-04-01,Email,EMA-6,933,42,0,9,0,0,0
2026-04-01,Meta Ads,MET-8,1199,27,100167,1,0,0,1
2026-04-01,Meta Ads,MET-6,5637,73,238832,7,1,304076,1
2026-04-01,Meta Ads,MET-8,3210,48,179741,4,1,289394,1
2026-04-01,TikTok Ads,TIK-3,5949,71,149842,2,1,230290,1
2026-04-01,TikTok Ads,TIK-7,2205,19,37141,2,0,0,1
2026-04-01,Google Ads,GOO-5,2216,54,248837,8,1,282402,1
2026-04-01,Google Ads,GOO-7,2917,100,461492,15,4,1191972,1
2026-04-02,SEO / Organik,SEO-6,1440,160,0,24,2,602840,0
2026-04-02,Email,EMA-1,5044,227,0,53,11,3889805,0
2026-04-02,TikTok Ads,TIK-5,4702,43,96904,5,0,0,1
2026-04-02,TikTok Ads,TIK-8,5358,80,158551,5,1,262254,1
2026-04-02,TikTok Ads,TIK-1,1056,11,24766,2,0,0,1
2026-04-02,SEO / Organik,SEO-7,616,77,0,13,3,906327,0
2026-04-03,SEO / Organik,SEO-6,1792,256,0,33,3,973898,0
2026-04-03,Email,EMA-8,5222,235,0,36,13,4263079,0
2026-04-03,TikTok Ads,TIK-5,2810,38,90133,1,0,0,1
2026-04-03,Google Ads,GOO-4,2631,97,539100,17,5,1523723,1
2026-04-04,Google Ads,GOO-1,1243,40,241186,4,1,315723,1
2026-04-04,Meta Ads,MET-8,4918,111,381623,12,3,775381,1
2026-04-04,Email,EMA-8,5111,230,0,40,14,4759393,0
2026-04-04,TikTok Ads,TIK-1,2910,28,63707,2,0,0,1
2026-04-04,SEO / Organik,SEO-6,1712,214,0,28,9,2707592,0
2026-04-05,Email,EMA-3,4466,201,0,37,6,1819383,0
2026-04-05,Google Ads,GOO-4,2074,48,238626,6,1,294255,1
2026-04-05,Google Ads,GOO-5,5884,218,1000136,31,8,2722008,1
2026-04-05,Meta Ads,MET-4,2504,40,127159,4,1,286761,1
2026-04-05,Email,EMA-5,2644,119,0,20,2,674291,0
2026-04-05,Google Ads,GOO-2,1227,31,151295,3,1,288651,1
2026-04-05,Email,EMA-3,3711,167,0,37,5,1503646,0
2026-04-05,Meta Ads,MET-7,3447,79,304514,11,2,526311,1
2026-04-06,TikTok Ads,TIK-4,3970,52,116705,6,1,217447,1
2026-04-06,SEO / Organik,SEO-4,1952,244,0,32,4,1210528,0
2026-04-06,Google Ads,GOO-1,5250,131,644121,21,3,849074,1
2026-04-06,TikTok Ads,TIK-6,4354,55,128548,2,0,0,1
2026-04-06,Email,EMA-7,933,42,0,9,2,714729,0
2026-04-06,Meta Ads,MET-3,2028,33,104251,4,1,277718,1
2026-04-07,Email,EMA-1,4955,223,0,45,9,3129968,0
2026-04-07,SEO / Organik,SEO-6,2530,230,0,32,9,2623075,0
2026-04-07,TikTok Ads,TIK-5,2141,31,68463,2,0,0,1
2026-04-07,Meta Ads,MET-6,4729,95,350144,11,1,273869,1
2026-04-07,TikTok Ads,TIK-1,4567,47,115432,6,0,0,1
2026-04-07,Google Ads,GOO-8,5861,179,871051,25,6,1991721,1
2026-04-07,Google Ads,GOO-1,1876,47,288536,10,3,1003303,1
2026-04-07,Meta Ads,MET-4,3920,58,180093,9,3,792055,1
2026-04-07,Google Ads,GOO-2,4346,139,719825,28,7,1972612,1
2026-04-07,TikTok Ads,TIK-3,5502,52,117816,6,0,0,1
2026-04-08,TikTok Ads,TIK-7,5806,60,140700,5,0,0,1
2026-04-08,Meta Ads,MET-4,1724,22,85669,2,0,0,1
2026-04-08,Email,EMA-5,4377,197,0,40,6,2148704,0
2026-04-08,TikTok Ads,TIK-1,2125,29,75630,0,0,0,1
2026-04-08,Email,EMA-5,1333,60,0,10,1,305386,0
2026-04-09,Meta Ads,MET-2,1729,34,109860,4,0,0,1
2026-04-09,Meta Ads,MET-5,3220,70,214556,12,2,563098,1
2026-04-09,TikTok Ads,TIK-3,1554,21,50674,3,1,258611,1
2026-04-10,SEO / Organik,SEO-1,1057,151,0,23,4,1181176,0
2026-04-10,Email,EMA-3,4488,202,0,48,14,4419307,0
2026-04-10,Google Ads,GOO-5,1576,42,245366,6,1,295520,1
2026-04-10,Google Ads,GOO-7,3411,117,709079,17,8,2556546,1
2026-04-10,Google Ads,GOO-5,5092,166,954108,36,8,2709670,1
2026-04-10,TikTok Ads,TIK-5,4205,53,131056,6,1,217511,1
2026-04-10,Email,EMA-5,2800,126,0,27,6,2145585,0
2026-04-10,Google Ads,GOO-6,1754,43,195222,6,1,304293,1
2026-04-10,Meta Ads,MET-7,3576,72,214887,7,2,569662,1
2026-04-10,Google Ads,GOO-5,2223,59,266878,6,3,1016927,1
2026-04-11,SEO / Organik,SEO-6,1524,254,0,35,9,2612371,0
2026-04-12,SEO / Organik,SEO-2,1364,124,0,11,2,605148,0
2026-04-12,SEO / Organik,SEO-3,1344,192,0,20,4,1217211,0
2026-04-12,Email,EMA-7,977,44,0,8,1,299271,0
2026-04-12,TikTok Ads,TIK-7,1697,14,36766,4,0,0,1
2026-04-12,SEO / Organik,SEO-2,570,57,0,5,1,280199,0
2026-04-13,SEO / Organik,SEO-3,441,49,0,7,2,608167,0
2026-04-13,Google Ads,GOO-3,2822,113,680062,26,7,2208502,1
2026-04-13,Meta Ads,MET-6,1445,28,93956,2,0,0,1
2026-04-13,Google Ads,GOO-8,4298,105,573462,15,2,669978,1
2026-04-13,Email,EMA-7,5400,243,0,48,12,4087602,0
2026-04-13,Email,EMA-5,2733,123,0,27,5,1500062,0
2026-04-13,TikTok Ads,TIK-8,3355,34,88487,2,0,0,1
2026-04-13,SEO / Organik,SEO-5,1980,198,0,34,7,2119291,0
2026-04-13,TikTok Ads,TIK-4,2902,26,68328,1,0,0,1
2026-04-14,TikTok Ads,TIK-3,2997,43,104631,2,2,512841,1
2026-04-14,TikTok Ads,TIK-1,4096,60,130290,6,1,222712,1
2026-04-14,Meta Ads,MET-7,1736,24,73851,4,1,277938,1
2026-04-14,TikTok Ads,TIK-5,967,8,17659,2,0,0,1
2026-04-14,Email,EMA-4,1577,71,0,14,3,1031770,0
2026-04-15,Email,EMA-6,4666,210,0,49,12,3762251,0
2026-04-15,Google Ads,GOO-6,1226,43,194534,4,1,313359,1
2026-04-15,Google Ads,GOO-4,2542,71,323913,11,2,603151,1
2026-04-15,SEO / Organik,SEO-1,840,140,0,16,1,320793,0
2026-04-15,Google Ads,GOO-3,1247,34,176166,8,1,301595,1
2026-04-15,Google Ads,GOO-5,4681,126,765388,23,5,1404994,1
2026-04-15,Email,EMA-2,1644,74,0,15,4,1306221,0
2026-04-16,Meta Ads,MET-1,5489,122,499551,23,3,896534,1
2026-04-16,SEO / Organik,SEO-3,1701,189,0,35,9,2585306,0
2026-04-16,Meta Ads,MET-8,1875,31,110090,4,1,284255,1
2026-04-16,SEO / Organik,SEO-5,2180,218,0,32,2,634092,0
2026-04-17,Meta Ads,MET-2,4330,58,224084,8,2,580683,1
2026-04-17,Meta Ads,MET-6,1715,36,109977,5,2,519701,1
2026-04-17,TikTok Ads,TIK-5,3728,42,98431,3,1,237098,1
2026-04-17,Meta Ads,MET-6,2950,48,171918,6,1,288755,1
2026-04-17,TikTok Ads,TIK-7,2090,28,62184,3,0,0,1
2026-04-17,Google Ads,GOO-8,2788,72,369510,15,2,558226,1
2026-04-17,Email,EMA-2,1155,52,0,11,2,619611,0
2026-04-17,Meta Ads,MET-1,3258,73,281993,7,1,264141,1
2026-04-18,Email,EMA-5,5155,232,0,49,17,5667786,0
2026-04-18,SEO / Organik,SEO-4,552,69,0,7,2,602111,0
2026-04-18,Meta Ads,MET-2,2078,34,132261,3,2,544954,1
2026-04-18,Meta Ads,MET-6,3806,52,179301,12,3,766399,1
2026-04-18,Google Ads,GOO-5,3158,86,408177,12,4,1182223,1
2026-04-18,Email,EMA-3,4800,216,0,41,13,4291520,0
2026-04-19,Meta Ads,MET-4,915,17,56176,2,0,0,1
2026-04-19,Google Ads,GOO-1,4463,172,978894,21,5,1663610,1
2026-04-19,SEO / Organik,SEO-7,1782,198,0,28,10,2907866,0
2026-04-19,TikTok Ads,TIK-7,3704,37,75539,3,1,257993,1
2026-04-19,TikTok Ads,TIK-8,919,12,27681,0,0,0,1
2026-04-20,TikTok Ads,TIK-1,3975,47,108437,3,0,0,1
2026-04-21,SEO / Organik,SEO-2,880,80,0,13,4,1138914,0
2026-04-21,TikTok Ads,TIK-6,4180,55,116721,4,0,0,1
2026-04-21,Meta Ads,MET-5,5434,95,313164,19,4,1213691,1
2026-04-21,SEO / Organik,SEO-8,1269,141,0,23,5,1590221,0
2026-04-21,Email,EMA-8,2511,113,0,34,8,2450445,0
2026-04-22,TikTok Ads,TIK-7,4825,46,117993,2,1,216357,1
2026-04-22,Google Ads,GOO-1,3867,160,736871,21,8,2245345,1
2026-04-22,Google Ads,GOO-3,4769,145,738480,20,3,1016892,1
2026-04-22,TikTok Ads,TIK-7,4827,55,119806,4,0,0,1
2026-04-22,Email,EMA-3,3488,157,0,28,7,2331218,0
2026-04-22,SEO / Organik,SEO-7,2268,252,0,37,9,2723676,0
2026-04-22,SEO / Organik,SEO-5,690,115,0,9,2,577466,0
2026-04-23,Google Ads,GOO-6,2868,113,703726,17,2,630866,1
2026-04-23,SEO / Organik,SEO-2,1472,184,0,24,5,1404419,0
2026-04-23,Meta Ads,MET-7,1255,21,69654,3,2,585835,1
2026-04-23,Google Ads,GOO-5,4431,162,976814,28,3,926721,1
2026-04-23,Google Ads,GOO-8,1869,42,208315,5,1,326991,1
2026-04-24,SEO / Organik,SEO-4,846,141,0,21,4,1169465,0
2026-04-24,SEO / Organik,SEO-8,495,45,0,7,2,544423,0
2026-04-24,Meta Ads,MET-2,1486,33,128377,5,1,291297,1
2026-04-24,Email,EMA-7,2066,93,0,20,8,2389154,0
2026-04-24,Email,EMA-5,3311,149,0,30,7,2188901,0
2026-04-24,Google Ads,GOO-8,5873,134,669388,22,1,331199,1
2026-04-24,Google Ads,GOO-8,3445,129,673210,19,7,2178535,1
2026-04-25,SEO / Organik,SEO-5,1826,166,0,29,7,2002987,0
2026-04-25,TikTok Ads,TIK-6,4332,40,98075,1,0,0,1
2026-04-25,Meta Ads,MET-2,2680,36,129222,6,1,284086,1
2026-04-25,Google Ads,GOO-4,3538,109,545578,16,3,890278,1
2026-04-25,Google Ads,GOO-5,3675,85,420592,10,3,952155,1
2026-04-25,Google Ads,GOO-8,3328,122,682508,20,2,628444,1
2026-04-26,Email,EMA-2,4688,211,0,45,8,2529775,0
2026-04-26,SEO / Organik,SEO-1,1050,175,0,28,4,1205526,0
2026-04-26,Meta Ads,MET-7,1190,20,83386,5,0,0,1
2026-04-26,Google Ads,GOO-3,2832,93,472611,16,3,893201,1
2026-04-26,Meta Ads,MET-1,1315,30,106869,4,2,563056,1
2026-04-26,Meta Ads,MET-8,5227,102,344240,14,2,576260,1
2026-04-26,Email,EMA-1,5577,251,0,56,20,6309167,0
2026-04-26,Meta Ads,MET-2,3708,69,256467,3,0,0,1
2026-04-26,Email,EMA-6,3777,170,0,38,15,4754968,0
2026-04-27,SEO / Organik,SEO-2,1380,230,0,36,15,4740025,0
2026-04-27,Meta Ads,MET-2,5213,66,263234,10,3,802697,1
2026-05-01,SEO / Organik,SEO-2,1056,96,0,14,4,1221686,0
2026-05-01,Email,EMA-7,3200,144,0,30,7,2237028,0
2026-05-01,Email,EMA-4,4422,199,0,44,11,3398030,0
2026-05-01,Email,EMA-1,2177,98,0,21,5,1515889,0
2026-05-02,TikTok Ads,TIK-4,873,12,25503,0,0,0,1
2026-05-02,TikTok Ads,TIK-5,1145,12,23814,2,1,220358,1
2026-05-02,TikTok Ads,TIK-5,4050,61,135240,1,0,0,1
2026-05-03,SEO / Organik,SEO-7,770,70,0,10,3,966805,0
2026-05-03,TikTok Ads,TIK-4,1885,27,70086,4,0,0,1
2026-05-03,Email,EMA-1,3644,164,0,36,10,3601315,0
2026-05-03,Meta Ads,MET-7,4763,92,318180,16,1,293770,1
2026-05-03,Email,EMA-4,4822,217,0,48,14,4753522,0
2026-05-03,Google Ads,GOO-2,2214,84,488966,12,3,873827,1
2026-05-03,Google Ads,GOO-1,4035,95,564392,15,2,583718,1
2026-05-03,Meta Ads,MET-4,3006,41,130794,4,0,0,1
2026-05-04,TikTok Ads,TIK-1,2792,24,45490,2,0,0,1
2026-05-04,TikTok Ads,TIK-2,814,12,26465,1,0,0,1
2026-05-04,Google Ads,GOO-3,4735,154,705980,29,6,1688794,1
2026-05-04,TikTok Ads,TIK-3,4383,46,99352,7,0,0,1
2026-05-04,Google Ads,GOO-4,2409,60,293800,12,3,862928,1
2026-05-04,SEO / Organik,SEO-2,1270,127,0,17,2,599100,0
2026-05-04,TikTok Ads,TIK-4,2829,36,74733,3,0,0,1
2026-05-04,SEO / Organik,SEO-4,1771,161,0,24,2,586976,0
2026-05-04,Email,EMA-5,5222,235,0,44,12,3902324,0
2026-05-05,SEO / Organik,SEO-5,1430,130,0,17,2,571364,0
2026-05-05,SEO / Organik,SEO-7,495,55,0,10,2,639537,0
2026-05-05,TikTok Ads,TIK-6,4420,62,160415,4,0,0,1
2026-05-05,Email,EMA-6,5111,230,0,41,10,3344748,0
2026-05-05,TikTok Ads,TIK-7,2452,22,48928,0,0,0,1
2026-05-05,Meta Ads,MET-7,3541,77,295372,8,3,838450,1
2026-05-05,Google Ads,GOO-6,1035,24,141825,5,1,309719,1
2026-05-05,SEO / Organik,SEO-7,891,99,0,15,6,1973376,0
2026-05-06,SEO / Organik,SEO-8,980,98,0,10,0,0,0
2026-05-06,Meta Ads,MET-5,5221,96,370525,9,1,264017,1
2026-05-07,Meta Ads,MET-2,3800,68,215314,7,1,295233,1
2026-05-07,Google Ads,GOO-7,809,25,138724,3,0,0,1
2026-05-07,Meta Ads,MET-5,3251,48,189395,3,0,0,1
2026-05-07,TikTok Ads,TIK-8,4633,44,85880,2,0,0,1
2026-05-07,Email,EMA-7,5577,251,0,44,6,2169095,0
2026-05-07,Meta Ads,MET-5,2400,54,225441,9,4,1160550,1
2026-05-08,SEO / Organik,SEO-2,624,104,0,16,2,562074,0
2026-05-08,TikTok Ads,TIK-3,5760,87,217932,8,2,442400,1
2026-05-08,TikTok Ads,TIK-5,2874,37,79412,2,1,242042,1
2026-05-08,Email,EMA-1,3377,152,0,36,9,2718946,0
2026-05-08,Email,EMA-6,3822,172,0,33,13,4183029,0
2026-05-09,TikTok Ads,TIK-6,3249,49,104701,2,0,0,1
2026-05-09,Email,EMA-3,2155,97,0,22,6,1876621,0
2026-05-09,Email,EMA-7,1622,73,0,17,3,1061636,0
2026-05-09,Meta Ads,MET-2,4603,75,251366,9,1,252504,1
2026-05-09,Google Ads,GOO-7,2455,76,389128,9,0,0,1
2026-05-10,Google Ads,GOO-7,5940,236,1295563,36,5,1685685,1
2026-05-10,Email,EMA-5,1288,58,0,11,3,973263,0
2026-05-10,SEO / Organik,SEO-7,1716,156,0,22,4,1269662,0
2026-05-10,Email,EMA-4,4311,194,0,36,11,3826126,0
2026-05-10,Google Ads,GOO-6,4918,154,735823,25,4,1310635,1
2026-05-10,Google Ads,GOO-7,3481,97,600830,13,2,654206,1
2026-05-11,Google Ads,GOO-1,3823,132,735340,18,3,951303,1
2026-05-11,TikTok Ads,TIK-7,5899,56,109840,5,0,0,1
2026-05-11,Google Ads,GOO-8,3222,115,644058,27,8,2533656,1
2026-05-11,Email,EMA-2,4333,195,0,42,9,3207240,0
2026-05-11,SEO / Organik,SEO-3,1092,156,0,19,5,1579584,0
2026-05-12,Google Ads,GOO-4,4904,151,844359,28,3,997990,1
2026-05-12,TikTok Ads,TIK-4,5225,60,123459,7,2,447722,1
2026-05-12,SEO / Organik,SEO-7,1236,206,0,34,10,3025698,0
2026-05-12,Meta Ads,MET-5,5961,112,352164,10,3,817293,1
2026-05-12,Meta Ads,MET-6,2260,32,114389,4,1,276565,1
2026-05-12,Meta Ads,MET-2,5832,83,308933,10,2,611291,1
2026-05-12,SEO / Organik,SEO-1,1379,197,0,28,7,1991167,0
2026-05-12,TikTok Ads,TIK-1,3053,37,86594,2,0,0,1
2026-05-12,SEO / Organik,SEO-4,846,141,0,23,8,2459663,0
2026-05-12,Email,EMA-3,5088,229,0,58,19,6707708,0
2026-05-12,TikTok Ads,TIK-4,2813,34,75425,4,0,0,1
2026-05-12,TikTok Ads,TIK-8,3829,47,99770,6,0,0,1
2026-05-13,Meta Ads,MET-6,2752,63,205460,11,4,1179942,1
2026-05-13,TikTok Ads,TIK-4,1180,17,40286,2,0,0,1
2026-05-13,Email,EMA-5,3066,138,0,32,9,2693168,0
2026-05-13,Google Ads,GOO-7,1141,31,162717,7,0,0,1
2026-05-13,Email,EMA-7,1466,66,0,11,4,1250769,0
2026-05-13,SEO / Organik,SEO-3,1012,92,0,16,1,290550,0
2026-05-14,Email,EMA-6,3577,161,0,38,8,2659173,0
2026-05-14,TikTok Ads,TIK-7,2834,38,85631,5,0,0,1
2026-05-14,Email,EMA-2,5155,232,0,37,10,3464653,0
2026-05-14,Email,EMA-5,4133,186,0,30,9,2701669,0
2026-05-14,Meta Ads,MET-5,3058,42,152864,9,1,254735,1
2026-05-14,Google Ads,GOO-3,3593,86,433581,10,1,339468,1
2026-05-14,SEO / Organik,SEO-1,594,54,0,7,2,623664,0
2026-05-15,SEO / Organik,SEO-3,336,42,0,7,0,0,0
2026-05-15,Google Ads,GOO-5,2459,96,555048,19,6,1764260,1
2026-05-15,Google Ads,GOO-4,5365,167,866212,35,13,4267751,1
2026-05-15,Google Ads,GOO-3,5256,120,568896,16,5,1579283,1
2026-05-15,SEO / Organik,SEO-1,1248,156,0,22,5,1542227,0
2026-05-16,Email,EMA-6,2844,128,0,30,7,2182849,0
2026-05-16,Email,EMA-7,3088,139,0,24,5,1538497,0
2026-05-16,SEO / Organik,SEO-7,1008,168,0,26,6,1924722,0
2026-05-16,Google Ads,GOO-6,4182,96,483929,13,2,620468,1
2026-05-16,TikTok Ads,TIK-7,4987,57,120747,2,0,0,1
2026-05-16,Google Ads,GOO-4,3957,105,625131,16,1,311672,1
2026-05-16,Email,EMA-8,5511,248,0,46,10,3416381,0
2026-05-17,Email,EMA-2,1133,51,0,9,4,1404769,0
2026-05-17,Meta Ads,MET-8,3913,86,289598,9,1,288327,1
2026-05-17,SEO / Organik,SEO-4,1764,252,0,43,9,2891073,0
2026-05-18,Google Ads,GOO-1,3402,118,579554,19,3,959448,1
2026-05-18,SEO / Organik,SEO-4,511,73,0,5,1,295297,0
2026-05-18,TikTok Ads,TIK-8,2829,39,82882,4,0,0,1
2026-05-18,Google Ads,GOO-5,3607,92,442431,19,3,850157,1
2026-05-18,Email,EMA-4,3088,139,0,23,5,1783215,0
2026-05-18,Meta Ads,MET-6,1940,25,97873,4,0,0,1
2026-05-18,TikTok Ads,TIK-4,3032,43,113369,5,0,0,1
2026-05-19,Meta Ads,MET-3,1281,23,68812,4,1,284763,1
2026-05-19,SEO / Organik,SEO-8,567,63,0,9,3,886365,0
2026-05-19,Google Ads,GOO-4,3660,116,717364,21,4,1363685,1
2026-05-19,Email,EMA-5,1111,50,0,12,2,616522,0
2026-05-19,TikTok Ads,TIK-6,2233,34,87805,1,0,0,1
2026-05-19,SEO / Organik,SEO-7,984,123,0,9,1,301662,0
2026-05-20,SEO / Organik,SEO-4,1768,221,0,35,3,948392,0
2026-05-20,SEO / Organik,SEO-5,1610,161,0,21,4,1211939,0
2026-05-20,Meta Ads,MET-1,4638,60,226732,6,1,258591,1
2026-05-21,Meta Ads,MET-2,3210,54,223885,7,0,0,1
2026-05-21,Google Ads,GOO-4,3965,116,574809,14,2,656183,1
2026-05-21,Meta Ads,MET-1,4212,54,221857,5,0,0,1
2026-05-21,Meta Ads,MET-7,4189,82,326561,9,1,280769,1
2026-05-21,TikTok Ads,TIK-6,2620,27,61222,2,0,0,1
2026-05-21,Google Ads,GOO-6,2799,72,445667,8,2,601302,1
2026-05-22,SEO / Organik,SEO-8,2530,253,0,42,10,3098579,0
2026-05-22,Google Ads,GOO-2,1047,37,219149,9,2,565668,1
2026-05-22,Email,EMA-3,3977,179,0,48,9,3247126,0
2026-05-22,Email,EMA-2,1511,68,0,11,4,1407465,0
2026-05-22,Meta Ads,MET-3,3880,58,191375,8,2,598843,1
2026-05-22,Meta Ads,MET-2,3133,64,216299,9,2,563915,1
2026-05-23,SEO / Organik,SEO-8,1744,218,0,40,10,3224774,0
2026-05-23,Email,EMA-4,2755,124,0,32,8,2796399,0
2026-05-23,Google Ads,GOO-5,2551,88,398090,13,3,973276,1
2026-05-23,Google Ads,GOO-5,5783,146,864953,19,6,1746032,1
2026-05-23,Meta Ads,MET-7,2259,50,174604,11,3,772345,1
2026-05-23,Google Ads,GOO-2,4124,162,720397,24,5,1539880,1
2026-05-23,Google Ads,GOO-1,5904,155,767772,24,6,1676578,1
2026-05-24,Email,EMA-8,3800,171,0,33,10,3117957,0
2026-05-24,TikTok Ads,TIK-8,1360,14,35475,1,0,0,1
2026-05-24,Email,EMA-7,1400,63,0,13,4,1432376,0
2026-05-24,Meta Ads,MET-8,4182,92,300415,9,2,528813,1
2026-05-24,Meta Ads,MET-8,3858,54,199841,10,1,276894,1
2026-05-24,Meta Ads,MET-4,3407,65,193779,13,2,571307,1
2026-05-24,Email,EMA-2,4955,223,0,52,14,4718015,0
2026-05-24,Meta Ads,MET-6,2207,46,145001,4,2,519005,1
2026-05-25,TikTok Ads,TIK-8,4460,63,146748,5,0,0,1
2026-05-25,Meta Ads,MET-3,3865,68,270493,13,2,562716,1
2026-05-25,Email,EMA-5,5022,226,0,37,7,2135354,0
2026-05-25,Email,EMA-7,5000,225,0,35,7,2423009,0
2026-05-25,Email,EMA-6,3866,174,0,32,7,2079141,0
2026-05-25,Meta Ads,MET-1,4966,84,322892,10,3,800622,1
2026-05-26,Google Ads,GOO-7,1434,39,208402,7,3,899951,1
2026-05-26,Meta Ads,MET-2,2568,57,190736,3,0,0,1
2026-05-26,Google Ads,GOO-2,5809,235,1066690,43,7,2152659,1
2026-05-26,SEO / Organik,SEO-1,2590,259,0,32,9,2935205,0
2026-05-27,TikTok Ads,TIK-5,5600,84,200421,6,2,506571,1
2026-05-27,Google Ads,GOO-3,3410,141,678018,14,2,585296,1
2026-05-27,SEO / Organik,SEO-4,1521,169,0,20,4,1297700,0
2026-05-27,Meta Ads,MET-2,2507,54,212379,8,0,0,1
2026-05-27,Meta Ads,MET-1,1799,22,67933,2,0,0,1
2026-06-01,Google Ads,GOO-8,1708,63,337615,4,1,311010,1
2026-06-01,SEO / Organik,SEO-6,850,85,0,10,0,0,0
2026-06-01,Meta Ads,MET-5,3486,53,165857,6,2,602620,1
2026-06-01,Meta Ads,MET-5,1747,38,145050,4,0,0,1
2026-06-01,SEO / Organik,SEO-4,632,79,0,9,2,577009,0
2026-06-01,TikTok Ads,TIK-2,5523,56,113978,7,2,495771,1
2026-06-01,Meta Ads,MET-8,3437,73,227184,8,3,827129,1
2026-06-02,Email,EMA-5,1044,47,0,7,3,1083119,0
2026-06-02,Email,EMA-1,5377,242,0,48,11,3746188,0
2026-06-02,SEO / Organik,SEO-7,2052,228,0,30,6,1801078,0
2026-06-02,Meta Ads,MET-6,4941,98,318327,16,3,824196,1
2026-06-02,Meta Ads,MET-6,3859,77,229321,9,1,293943,1
2026-06-02,Google Ads,GOO-4,2470,90,496043,13,2,666274,1
2026-06-02,TikTok Ads,TIK-1,2214,23,44470,3,1,260983,1
2026-06-03,SEO / Organik,SEO-6,522,87,0,15,2,560876,0
2026-06-03,SEO / Organik,SEO-1,784,112,0,26,3,872745,0
2026-06-03,SEO / Organik,SEO-1,1280,160,0,18,2,559752,0
2026-06-03,Google Ads,GOO-2,1385,52,273715,9,0,0,1
2026-06-03,Google Ads,GOO-2,4018,143,668032,28,13,4128995,1
2026-06-03,SEO / Organik,SEO-6,803,73,0,9,2,641682,0
2026-06-04,Email,EMA-2,1422,64,0,14,1,358153,0
2026-06-04,SEO / Organik,SEO-6,1288,161,0,28,5,1475838,0
2026-06-04,Meta Ads,MET-6,5050,74,302535,16,3,881368,1
2026-06-04,TikTok Ads,TIK-6,4831,66,171552,8,2,478332,1
2026-06-04,Meta Ads,MET-4,5860,96,320435,7,3,855230,1
2026-06-05,TikTok Ads,TIK-3,1501,13,24429,2,0,0,1
2026-06-05,TikTok Ads,TIK-6,5071,74,186046,5,1,235002,1
2026-06-05,Email,EMA-3,5644,254,0,51,7,2217592,0
2026-06-05,Email,EMA-7,3022,136,0,26,4,1391766,0
2026-06-05,Email,EMA-6,2400,108,0,24,9,3135101,0
2026-06-05,Email,EMA-7,2866,129,0,23,9,3112269,0
2026-06-05,Google Ads,GOO-2,5907,178,872964,25,4,1181480,1
2026-06-05,TikTok Ads,TIK-1,1497,13,32161,0,0,0,1
2026-06-06,Google Ads,GOO-1,5561,195,935567,29,6,1923362,1
2026-06-06,SEO / Organik,SEO-5,1188,198,0,32,3,867833,0
2026-06-06,TikTok Ads,TIK-8,1195,15,34211,1,0,0,1
2026-06-07,TikTok Ads,TIK-2,4592,44,93645,3,1,261320,1
2026-06-07,TikTok Ads,TIK-3,4797,46,87488,5,0,0,1
2026-06-07,Email,EMA-4,4533,204,0,48,12,3853693,0
2026-06-07,Google Ads,GOO-7,2694,62,374691,11,3,837606,1
2026-06-07,Google Ads,GOO-3,5548,136,760611,19,4,1191000,1
2026-06-08,SEO / Organik,SEO-5,1190,170,0,27,3,851568,0
2026-06-08,Meta Ads,MET-6,1230,20,82357,2,0,0,1
2026-06-08,SEO / Organik,SEO-7,1287,117,0,16,2,586611,0
2026-06-08,SEO / Organik,SEO-1,390,65,0,13,2,579639,0
2026-06-08,TikTok Ads,TIK-5,5277,71,152115,10,1,220562,1
2026-06-08,Email,EMA-2,4955,223,0,50,14,4988582,0
2026-06-09,TikTok Ads,TIK-8,850,8,19946,0,0,0,1
2026-06-09,Meta Ads,MET-2,3497,53,200120,7,0,0,1
2026-06-09,TikTok Ads,TIK-8,2689,31,63693,3,1,237770,1
2026-06-09,SEO / Organik,SEO-6,1880,235,0,26,5,1516782,0
2026-06-09,Google Ads,GOO-6,2080,79,354632,16,2,665428,1
2026-06-09,Google Ads,GOO-1,5531,172,822595,21,8,2238041,1
2026-06-09,SEO / Organik,SEO-4,2590,259,0,38,8,2630985,0
2026-06-09,Email,EMA-3,2600,117,0,22,6,1880564,0
2026-06-09,Meta Ads,MET-7,4137,79,298414,12,1,253914,1
2026-06-10,SEO / Organik,SEO-7,603,67,0,12,0,0,0
2026-06-10,TikTok Ads,TIK-6,2698,41,88304,6,1,258947,1
2026-06-10,Meta Ads,MET-5,1173,21,64809,4,1,266355,1
2026-06-10,SEO / Organik,SEO-1,2048,256,0,36,8,2334001,0
2026-06-10,Meta Ads,MET-4,3530,81,281698,11,0,0,1
2026-06-10,TikTok Ads,TIK-6,3905,56,145012,9,4,975276,1
2026-06-10,Email,EMA-3,5244,236,0,40,10,3460118,0
2026-06-11,TikTok Ads,TIK-2,2700,28,55582,3,0,0,1
2026-06-11,TikTok Ads,TIK-1,1193,14,34013,3,3,761503,1
2026-06-11,Google Ads,GOO-7,5971,146,896764,21,4,1283865,1
2026-06-11,TikTok Ads,TIK-2,5197,59,130447,5,1,228224,1
2026-06-12,TikTok Ads,TIK-8,2597,36,78190,2,0,0,1
2026-06-12,Google Ads,GOO-1,2612,65,364295,7,1,326864,1
2026-06-12,SEO / Organik,SEO-8,1386,154,0,16,5,1449767,0
2026-06-12,Google Ads,GOO-2,5406,180,1079406,32,9,3008256,1
2026-06-12,Meta Ads,MET-4,2602,55,186049,4,0,0,1
2026-06-12,Meta Ads,MET-5,3462,56,200284,5,1,280195,1
2026-06-12,SEO / Organik,SEO-1,342,57,0,9,1,315391,0
2026-06-12,Google Ads,GOO-6,4490,127,571832,25,5,1419294,1
2026-06-12,Google Ads,GOO-4,5756,140,729830,23,6,1837218,1
2026-06-12,TikTok Ads,TIK-3,4559,38,74627,2,0,0,1
2026-06-12,Email,EMA-6,5066,228,0,46,8,2811065,0
2026-06-12,Meta Ads,MET-2,2840,62,239605,7,1,264838,1
2026-06-12,Email,EMA-2,4688,211,0,32,9,3263743,0
2026-06-13,TikTok Ads,TIK-5,4340,54,127644,6,0,0,1
2026-06-13,Google Ads,GOO-4,2497,90,528380,8,2,615643,1
2026-06-13,Meta Ads,MET-5,921,17,59543,1,0,0,1
2026-06-13,Meta Ads,MET-4,5977,102,326615,14,3,896931,1
2026-06-13,TikTok Ads,TIK-7,3841,33,65189,2,0,0,1
2026-06-13,SEO / Organik,SEO-7,1122,187,0,22,3,856942,0
2026-06-13,Email,EMA-5,955,43,0,5,2,633377,0
2026-06-13,Meta Ads,MET-4,3180,51,191184,6,0,0,1
2026-06-13,Email,EMA-1,5088,229,0,50,9,2953351,0
2026-06-13,TikTok Ads,TIK-6,3263,40,96180,3,0,0,1
2026-06-13,Email,EMA-3,1200,54,0,9,1,326973,0
2026-06-14,Email,EMA-5,1911,86,0,15,4,1278862,0
2026-06-14,Google Ads,GOO-7,2788,63,354155,8,3,936583,1
2026-06-14,TikTok Ads,TIK-7,3613,46,96289,3,0,0,1
2026-06-14,Google Ads,GOO-3,957,29,151102,5,2,633733,1
2026-06-14,Google Ads,GOO-6,5071,148,815089,26,7,2313308,1
2026-06-14,Meta Ads,MET-5,1964,39,154336,4,1,276577,1
2026-06-15,Meta Ads,MET-1,5501,104,346356,11,1,267003,1
2026-06-15,Email,EMA-1,5466,246,0,40,11,3461637,0
2026-06-15,SEO / Organik,SEO-1,2025,225,0,23,9,2739386,0
2026-06-15,Email,EMA-5,2733,123,0,25,10,3131576,0
2026-06-15,Meta Ads,MET-4,2139,28,93792,5,0,0,1
2026-06-16,Google Ads,GOO-7,5900,203,1171177,35,6,2005058,1
2026-06-16,TikTok Ads,TIK-4,1991,30,76996,3,1,234078,1
2026-06-16,Email,EMA-5,2822,127,0,19,6,2110008,0
2026-06-16,TikTok Ads,TIK-1,4360,41,98959,4,1,219088,1
2026-06-17,Meta Ads,MET-3,967,19,69465,0,0,0,1
2026-06-17,Meta Ads,MET-7,1924,33,108591,0,0,0,1
2026-06-17,Email,EMA-2,1377,62,0,16,2,715047,0
2026-06-17,Meta Ads,MET-2,1219,26,89957,2,0,0,1
2026-06-17,SEO / Organik,SEO-5,1968,246,0,33,7,2067213,0
2026-06-17,SEO / Organik,SEO-1,1098,122,0,19,5,1467790,0
2026-06-17,Meta Ads,MET-5,4137,87,358222,9,0,0,1
2026-06-17,Email,EMA-4,3422,154,0,31,14,5021541,0
2026-06-17,TikTok Ads,TIK-7,1868,23,46434,1,1,220629,1
2026-06-18,Email,EMA-8,4088,184,0,33,10,3529383,0
2026-06-18,Email,EMA-6,955,43,0,4,2,718551,0
2026-06-18,SEO / Organik,SEO-1,1020,102,0,13,3,872152,0
2026-06-18,SEO / Organik,SEO-5,1089,99,0,14,3,940458,0
2026-06-18,Google Ads,GOO-6,4055,133,810524,28,8,2343097,1
2026-06-18,Google Ads,GOO-8,3831,148,918245,21,6,1733914,1
2026-06-18,Meta Ads,MET-4,1175,25,90038,3,0,0,1
2026-06-18,Email,EMA-8,4644,209,0,43,7,2165874,0
2026-06-19,TikTok Ads,TIK-3,3276,36,78890,4,0,0,1
2026-06-19,TikTok Ads,TIK-6,2874,35,79514,1,0,0,1
2026-06-19,Email,EMA-6,1866,84,0,16,4,1395002,0
2026-06-19,Meta Ads,MET-4,1580,28,92782,1,1,297675,1
2026-06-20,Email,EMA-7,1377,62,0,18,6,2088396,0
2026-06-20,SEO / Organik,SEO-5,833,119,0,19,3,813990,0
2026-06-20,SEO / Organik,SEO-7,882,98,0,8,0,0,0
2026-06-20,Meta Ads,MET-3,2532,32,120301,6,0,0,1
2026-06-20,TikTok Ads,TIK-2,3617,48,123368,3,0,0,1
2026-06-20,Google Ads,GOO-5,2203,81,502692,10,0,0,1
2026-06-20,SEO / Organik,SEO-1,2540,254,0,26,6,1741171,0
2026-06-20,Email,EMA-4,3755,169,0,39,11,3383171,0
2026-06-20,Email,EMA-2,1888,85,0,14,4,1353051,0
2026-06-21,Meta Ads,MET-1,3275,64,213411,8,2,593766,1
2026-06-21,SEO / Organik,SEO-8,1230,205,0,27,4,1087373,0
2026-06-21,SEO / Organik,SEO-6,1782,162,0,23,4,1138841,0
2026-06-21,TikTok Ads,TIK-6,5517,62,132818,9,0,0,1
2026-06-21,SEO / Organik,SEO-2,2024,184,0,27,5,1529157,0
2026-06-21,Google Ads,GOO-2,1337,40,214988,11,4,1303815,1
2026-06-21,Email,EMA-7,1733,78,0,20,5,1603680,0
2026-06-22,SEO / Organik,SEO-6,900,150,0,21,1,271300,0
2026-06-22,TikTok Ads,TIK-5,4948,43,87211,5,0,0,1
2026-06-22,Google Ads,GOO-7,1546,36,224259,6,2,605948,1
2026-06-22,SEO / Organik,SEO-1,1166,106,0,15,4,1219355,0
2026-06-22,Meta Ads,MET-7,5715,79,245330,10,4,1071649,1
2026-06-23,Google Ads,GOO-8,1460,35,164697,8,1,323539,1
2026-06-23,TikTok Ads,TIK-5,1494,16,40653,0,0,0,1
2026-06-23,Meta Ads,MET-6,1654,29,119093,5,1,271892,1
2026-06-23,SEO / Organik,SEO-6,1364,124,0,18,5,1539943,0
2026-06-23,Meta Ads,MET-6,996,21,72646,3,0,0,1
2026-06-23,SEO / Organik,SEO-7,1611,179,0,26,4,1156724,0
2026-06-24,Google Ads,GOO-3,5427,126,675440,18,2,594777,1
2026-06-24,Email,EMA-4,2911,131,0,25,4,1200543,0
2026-06-24,TikTok Ads,TIK-2,3067,44,83336,2,1,228531,1
2026-06-24,Google Ads,GOO-4,2545,102,571296,14,6,1837734,1
2026-06-25,Google Ads,GOO-2,1802,70,395165,12,5,1544273,1
2026-06-25,SEO / Organik,SEO-4,840,84,0,9,2,560086,0
2026-06-25,Google Ads,GOO-2,5730,190,945468,27,5,1399293,1
2026-06-25,SEO / Organik,SEO-3,585,65,0,12,5,1450905,0
2026-06-26,Meta Ads,MET-8,5465,115,466785,11,1,294808,1
2026-06-26,Google Ads,GOO-1,5218,196,1206403,37,11,3579588,1
2026-06-26,TikTok Ads,TIK-1,5521,54,133205,4,1,238514,1
2026-06-26,Email,EMA-6,2022,91,0,20,6,1905831,0
2026-06-26,Meta Ads,MET-2,5406,123,420917,9,3,781682,1
2026-06-26,Meta Ads,MET-5,2578,39,161212,4,2,598276,1
2026-06-26,TikTok Ads,TIK-1,3998,37,90039,2,1,252539,1
2026-06-26,Meta Ads,MET-1,5901,91,368660,12,3,784512,1
2026-06-26,TikTok Ads,TIK-1,5660,66,158802,3,1,243811,1
2026-06-26,SEO / Organik,SEO-1,906,151,0,17,3,945345,0
2026-06-27,Google Ads,GOO-2,4183,167,813350,22,8,2674123,1
2026-06-27,TikTok Ads,TIK-8,5943,84,180136,3,0,0,1
2026-06-27,TikTok Ads,TIK-5,3348,43,96589,3,0,0,1
2026-06-27,Email,EMA-8,1666,75,0,22,5,1603974,0
2026-06-27,Email,EMA-8,2400,108,0,14,4,1230528,0
2026-06-27,Meta Ads,MET-8,3521,68,238697,7,2,611858,1
2026-06-27,SEO / Organik,SEO-6,942,157,0,16,3,958011,0
2026-06-27,SEO / Organik,SEO-2,1688,211,0,37,8,2450484,0
