produk,harga,unit,pendapatan
Kopi Susu Botol,20800.0,186,3868800.0
Kopi Susu Botol,19600.0,223,4370800.0
Kopi Susu Botol,17300.0,247,4273100.0
Kopi Susu Botol,17500.0,283,4952500.0
Kopi Susu Botol,14600.0,387,5650200.0
Kopi Susu Botol,20300.0,207,4202100.0
Kopi Susu Botol,21700.0,188,4079600.0
Kopi Susu Botol,21500.0,213,4579500.0
Kopi Susu Botol,16800.0,273,4586400.0
Kopi Susu Botol,20300.0,242,4912600.0
Kopi Susu Botol,17200.0,286,4919200.0
Kopi Susu Botol,20500.0,194,3977000.0
Kopi Susu Botol,15100.0,376,5677600.0
Kopi Susu Botol,21900.0,169,3701100.0
Kopi Susu Botol,16300.0,308,5020400.0
Kopi Susu Botol,14600.0,422,6161200.0
Kopi Susu Botol,17700.0,286,5062200.0
Kopi Susu Botol,17300.0,257,4446100.0
Kopi Susu Botol,21300.0,225,4792500.0
Kopi Susu Botol,17700.0,240,4248000.0
Kopi Susu Botol,16400.0,310,5084000.0
Kopi Susu Botol,14800.0,406,6008800.0
Kopi Susu Botol,17700.0,241,4265700.0
Kopi Susu Botol,21900.0,206,4511400.0
Kopi Susu Botol,21300.0,224,4771200.0
Kopi Susu Botol,18500.0,283,5235500.0
Kopi Susu Botol,19400.0,219,4248600.0
Kopi Susu Botol,18100.0,284,5140400.0
Kopi Susu Botol,19000.0,254,4826000.0
Kopi Susu Botol,21500.0,220,4730000.0
Kopi Susu Botol,20000.0,194,3880000.0
Kopi Susu Botol,15600.0,387,6037200.0
Kopi Susu Botol,14500.0,397,5756500.0
Kopi Susu Botol,20300.0,253,5135900.0
Kopi Susu Botol,16300.0,280,4564000.0
Kopi Susu Botol,18400.0,253,4655200.0
Kopi Susu Botol,14600.0,363,5299800.0
Kopi Susu Botol,15900.0,373,5930700.0
Kopi Susu Botol,15500.0,346,5363000.0
Kopi Susu Botol,21300.0,214,4558200.0
Kopi Susu Botol,17700.0,275,4867500.0
Kopi Susu Botol,14600.0,382,5577200.0
Kopi Susu Botol,15700.0,378,5934600.0
Kopi Susu Botol,21600.0,208,4492800.0
Kopi Susu Botol,15000.0,309,4635000.0
Kopi Susu Botol,16600.0,286,4747600.0
Kopi Susu Botol,20000.0,224,4480000.0
Kopi Susu Botol,19100.0,219,4182900.0
Kopi Susu Botol,17500.0,282,4935000.0
Kopi Susu Botol,16300.0,300,4890000.0
Kopi Susu Botol,19500.0,212,4134000.0
Kopi Susu Botol,18900.0,235,4441500.0
Kopi Susu Botol,18200.0,300,5460000.0
Kopi Susu Botol,18300.0,248,4538400.0
Kopi Susu Botol,18300.0,254,4648200.0
Kopi Susu Botol,20000.0,224,4480000.0
Kopi Susu Botol,17400.0,312,5428800.0
Kopi Susu Botol,18800.0,238,4474400.0
Kopi Susu Botol,20300.0,212,4303600.0
Kopi Susu Botol,18500.0,233,4310500.0
Kopi Susu Botol,19100.0,209,3991900.0
Kopi Susu Botol,16900.0,259,4377100.0
Kopi Susu Botol,21200.0,184,3900800.0
Kopi Susu Botol,19200.0,209,4012800.0
Kopi Susu Botol,17700.0,280,4956000.0
Kopi Susu Botol,16300.0,274,4466200.0
Kopi Susu Botol,17200.0,255,4386000.0
Kopi Susu Botol,14400.0,419,6033600.0
Kopi Susu Botol,20200.0,257,5191400.0
Kopi Susu Botol,16200.0,275,4455000.0
Kopi Susu Botol,21400.0,195,4173000.0
Kopi Susu Botol,14900.0,332,4946800.0
Kopi Susu Botol,21200.0,209,4430800.0
Kopi Susu Botol,15300.0,338,5171400.0
Kopi Susu Botol,15200.0,387,5882400.0
Kopi Susu Botol,18500.0,227,4199500.0
Kopi Susu Botol,17100.0,259,4428900.0
Kopi Susu Botol,21400.0,210,4494000.0
Kopi Susu Botol,21600.0,198,4276800.0
Kopi Susu Botol,14400.0,441,6350400.0
Kopi Susu Botol,19800.0,225,4455000.0
Kopi Susu Botol,17200.0,326,5607200.0
Kopi Susu Botol,21300.0,217,4622100.0
Kopi Susu Botol,17800.0,264,4699200.0
Kopi Susu Botol,15400.0,295,4543000.0
Kopi Susu Botol,18400.0,277,5096800.0
Kopi Susu Botol,15800.0,364,5751200.0
Kopi Susu Botol,15000.0,323,4845000.0
Kopi Susu Botol,19400.0,248,4811200.0
Kopi Susu Botol,14600.0,367,5358200.0
Kopi Susu Botol,20800.0,226,4700800.0
Kopi Susu Botol,18200.0,259,4713800.0
Kopi Susu Botol,20000.0,212,4240000.0
Kopi Susu Botol,21500.0,202,4343000.0
Kopi Susu Botol,21700.0,191,4144700.0
Kopi Susu Botol,19600.0,261,5115600.0
Kopi Susu Botol,21400.0,183,3916200.0
Kopi Susu Botol,18300.0,242,4428600.0
Kopi Susu Botol,18000.0,248,4464000.0
Kopi Susu Botol,16800.0,276,4636800.0
Kopi Susu Botol,14200.0,375,5325000.0
Kopi Susu Botol,17600.0,246,4329600.0
Kopi Susu Botol,20900.0,200,4180000.0
Kopi Susu Botol,17300.0,311,5380300.0
Kopi Susu Botol,20300.0,214,4344200.0
Kopi Susu Botol,21400.0,180,3852000.0
Kopi Susu Botol,21700.0,205,4448500.0
Kopi Susu Botol,17000.0,299,5083000.0
Kopi Susu Botol,17300.0,312,5397600.0
Kopi Susu Botol,15600.0,306,4773600.0
Kopi Susu Botol,20400.0,218,4447200.0
Kopi Susu Botol,19800.0,200,3960000.0
Kopi Susu Botol,19000.0,216,4104000.0
Kopi Susu Botol,16200.0,290,4698000.0
Kopi Susu Botol,19400.0,240,4656000.0
Kopi Susu Botol,19900.0,207,4119300.0
Kopi Susu Botol,21200.0,235,4982000.0
Kopi Susu Botol,16300.0,321,5232300.0
Kopi Susu Botol,16500.0,316,5214000.0
Kopi Susu Botol,17500.0,246,4305000.0
Kopi Susu Botol,20300.0,235,4770500.0
Kopi Susu Botol,21600.0,181,3909600.0
Kopi Susu Botol,15200.0,388,5897600.0
Kopi Susu Botol,18400.0,235,4324000.0
Kopi Susu Botol,19100.0,233,4450300.0
Kopi Susu Botol,16700.0,311,5193700.0
Kopi Susu Botol,16300.0,274,4466200.0
Kopi Susu Botol,15800.0,354,5593200.0
Kopi Susu Botol,18300.0,300,5490000.0
Kopi Susu Botol,18500.0,245,4532500.0
Kopi Susu Botol,18500.0,231,4273500.0
Kopi Susu Botol,20900.0,202,4221800.0
Kopi Susu Botol,15900.0,347,5517300.0
Kopi Susu Botol,20900.0,195,4075500.0
Kopi Susu Botol,17200.0,263,4523600.0
Kopi Susu Botol,20700.0,192,3974400.0
Kopi Susu Botol,18000.0,276,4968000.0
Kopi Susu Botol,21800.0,188,4098400.0
Kopi Susu Botol,15700.0,337,5290900.0
Kopi Susu Botol,17800.0,314,5589200.0
Kopi Susu Botol,15700.0,324,5086800.0
Kopi Susu Botol,18100.0,307,5556700.0
Kopi Susu Botol,18400.0,263,4839200.0
Kopi Susu Botol,16100.0,363,5844300.0
Kopi Susu Botol,22000.0,205,4510000.0
Kopi Susu Botol,14400.0,365,5256000.0
Kopi Susu Botol,21800.0,219,4774200.0
Kopi Susu Botol,15600.0,330,5148000.0
Kopi Susu Botol,17600.0,270,4752000.0
Kopi Susu Botol,15100.0,402,6070200.0
Roti Tawar,11600.0,307,3561200.0
Roti Tawar,15200.0,157,2386400.0
Roti Tawar,15600.0,163,2542800.0
Roti Tawar,15100.0,185,2793500.0
Roti Tawar,12200.0,287,3501400.0
Roti Tawar,15900.0,153,2432700.0
Roti Tawar,16000.0,167,2672000.0
Roti Tawar,15300.0,177,2708100.0
Roti Tawar,12800.0,229,2931200.0
Roti Tawar,13500.0,205,2767500.0
Roti Tawar,12900.0,206,2657400.0
Roti Tawar,11600.0,294,3410400.0
Roti Tawar,14300.0,222,3174600.0
Roti Tawar,16000.0,148,2368000.0
Roti Tawar,11700.0,325,3802500.0
Roti Tawar,12300.0,299,3677700.0
Roti Tawar,14100.0,199,2805900.0
Roti Tawar,14300.0,220,3146000.0
Roti Tawar,14700.0,165,2425500.0
Roti Tawar,13600.0,186,2529600.0
Roti Tawar,12600.0,285,3591000.0
Roti Tawar,13700.0,207,2835900.0
Roti Tawar,16100.0,138,2221800.0
Roti Tawar,15300.0,148,2264400.0
Roti Tawar,14500.0,195,2827500.0
Roti Tawar,11500.0,287,3300500.0
Roti Tawar,13300.0,258,3431400.0
Roti Tawar,13200.0,252,3326400.0
Roti Tawar,12700.0,258,3276600.0
Roti Tawar,15000.0,205,3075000.0
Roti Tawar,15500.0,176,2728000.0
Roti Tawar,14200.0,183,2598600.0
Roti Tawar,12100.0,273,3303300.0
Roti Tawar,14300.0,192,2745600.0
Roti Tawar,13600.0,214,2910400.0
Roti Tawar,17000.0,129,2193000.0
Roti Tawar,14500.0,186,2697000.0
Roti Tawar,16700.0,133,2221100.0
Roti Tawar,11300.0,341,3853300.0
Roti Tawar,13900.0,183,2543700.0
Roti Tawar,12600.0,233,2935800.0
Roti Tawar,16900.0,137,2315300.0
Roti Tawar,15300.0,182,2784600.0
Roti Tawar,15700.0,163,2559100.0
Roti Tawar,12100.0,272,3291200.0
Roti Tawar,15300.0,174,2662200.0
Roti Tawar,13000.0,249,3237000.0
Roti Tawar,14800.0,210,3108000.0
Roti Tawar,12400.0,226,2802400.0
Roti Tawar,15200.0,161,2447200.0
Roti Tawar,16900.0,137,2315300.0
Roti Tawar,11700.0,272,3182400.0
Roti Tawar,12900.0,231,2979900.0
Roti Tawar,15300.0,149,2279700.0
Roti Tawar,13300.0,206,2739800.0
Roti Tawar,13400.0,251,3363400.0
Roti Tawar,12200.0,226,2757200.0
Roti Tawar,16900.0,143,2416700.0
Roti Tawar,14900.0,168,2503200.0
Roti Tawar,15400.0,181,2787400.0
Roti Tawar,14600.0,199,2905400.0
Roti Tawar,11700.0,285,3334500.0
Roti Tawar,14000.0,190,2660000.0
Roti Tawar,14600.0,179,2613400.0
Roti Tawar,12500.0,283,3537500.0
Roti Tawar,14800.0,181,2678800.0
Roti Tawar,16700.0,141,2354700.0
Roti Tawar,16000.0,179,2864000.0
Roti Tawar,15100.0,180,2718000.0
Roti Tawar,11300.0,350,3955000.0
Roti Tawar,13700.0,186,2548200.0
Roti Tawar,13100.0,265,3471500.0
Roti Tawar,16700.0,143,2388100.0
Roti Tawar,13100.0,200,2620000.0
Roti Tawar,12700.0,212,2692400.0
Roti Tawar,15100.0,159,2400900.0
Roti Tawar,12200.0,238,2903600.0
Roti Tawar,12200.0,246,3001200.0
Roti Tawar,15600.0,174,2714400.0
Roti Tawar,13200.0,260,3432000.0
Roti Tawar,14700.0,202,2969400.0
Roti Tawar,16300.0,152,2477600.0
Roti Tawar,13300.0,256,3404800.0
Roti Tawar,15600.0,189,2948400.0
Roti Tawar,13100.0,214,2803400.0
Roti Tawar,14200.0,176,2499200.0
Roti Tawar,14600.0,208,3036800.0
Roti Tawar,15100.0,167,2521700.0
Roti Tawar,14000.0,209,2926000.0
Roti Tawar,16400.0,170,2788000.0
Roti Tawar,14600.0,201,2934600.0
Roti Tawar,16500.0,139,2293500.0
Roti Tawar,11500.0,325,3737500.0
Roti Tawar,14500.0,199,2885500.0
Roti Tawar,15300.0,174,2662200.0
Roti Tawar,11900.0,304,3617600.0
Roti Tawar,16200.0,158,2559600.0
Roti Tawar,17000.0,136,2312000.0
Roti Tawar,12200.0,260,3172000.0
Roti Tawar,15400.0,183,2818200.0
Roti Tawar,11700.0,304,3556800.0
Roti Tawar,17000.0,130,2210000.0
Roti Tawar,11300.0,319,3604700.0
Roti Tawar,14100.0,224,3158400.0
Roti Tawar,15800.0,170,2686000.0
Roti Tawar,16000.0,173,2768000.0
Roti Tawar,16900.0,161,2720900.0
Roti Tawar,12300.0,238,2927400.0
Roti Tawar,14600.0,207,3022200.0
Roti Tawar,14900.0,196,2920400.0
Roti Tawar,11600.0,286,3317600.0
Roti Tawar,11600.0,284,3294400.0
Roti Tawar,13700.0,234,3205800.0
Roti Tawar,14500.0,174,2523000.0
Roti Tawar,14700.0,205,3013500.0
Roti Tawar,15500.0,174,2697000.0
Roti Tawar,14200.0,195,2769000.0
Roti Tawar,13500.0,218,2943000.0
Roti Tawar,13100.0,261,3419100.0
Roti Tawar,13800.0,213,2939400.0
Roti Tawar,13700.0,217,2972900.0
Roti Tawar,15900.0,139,2210100.0
Roti Tawar,16100.0,161,2592100.0
Roti Tawar,15200.0,173,2629600.0
Roti Tawar,11900.0,278,3308200.0
Roti Tawar,14300.0,200,2860000.0
Roti Tawar,11900.0,290,3451000.0
Roti Tawar,13500.0,204,2754000.0
Roti Tawar,14600.0,170,2482000.0
Roti Tawar,15600.0,151,2355600.0
Roti Tawar,14200.0,186,2641200.0
Roti Tawar,12100.0,245,2964500.0
Roti Tawar,12100.0,272,3291200.0
Roti Tawar,14700.0,176,2587200.0
Roti Tawar,14700.0,198,2910600.0
Roti Tawar,12600.0,271,3414600.0
Roti Tawar,16300.0,174,2836200.0
Roti Tawar,11900.0,263,3129700.0
Roti Tawar,14500.0,218,3161000.0
Roti Tawar,15900.0,174,2766600.0
Roti Tawar,12100.0,253,3061300.0
Roti Tawar,11400.0,324,3693600.0
Roti Tawar,13100.0,206,2698600.0
Roti Tawar,13600.0,226,3073600.0
Roti Tawar,13300.0,247,3285100.0
Roti Tawar,14300.0,170,2431000.0
Roti Tawar,16300.0,165,2689500.0
Roti Tawar,14200.0,209,2967800.0
Roti Tawar,12400.0,231,2864400.0
Roti Tawar,16500.0,163,2689500.0
Air Mineral Galon,23900.0,156,3728400.0
Air Mineral Galon,22300.0,191,4259300.0
Air Mineral Galon,16900.0,175,2957500.0
Air Mineral Galon,17500.0,178,3115000.0
Air Mineral Galon,19600.0,165,3234000.0
Air Mineral Galon,19200.0,199,3820800.0
Air Mineral Galon,22800.0,190,4332000.0
Air Mineral Galon,17200.0,219,3766800.0
Air Mineral Galon,16100.0,212,3413200.0
Air Mineral Galon,23500.0,151,3548500.0
Air Mineral Galon,19000.0,202,3838000.0
Air Mineral Galon,16000.0,183,2928000.0
Air Mineral Galon,16600.0,185,3071000.0
Air Mineral Galon,19100.0,208,3972800.0
Air Mineral Galon,23200.0,177,4106400.0
Air Mineral Galon,18200.0,200,3640000.0
Air Mineral Galon,16800.0,221,3712800.0
Air Mineral Galon,18100.0,208,3764800.0
Air Mineral Galon,18400.0,169,3109600.0
Air Mineral Galon,16900.0,197,3329300.0
Air Mineral Galon,22700.0,176,3995200.0
Air Mineral Galon,24400.0,154,3757600.0
Air Mineral Galon,22900.0,192,4396800.0
Air Mineral Galon,23100.0,153,3534300.0
Air Mineral Galon,21500.0,189,4063500.0
Air Mineral Galon,18200.0,185,3367000.0
Air Mineral Galon,22900.0,155,3549500.0
Air Mineral Galon,20100.0,161,3236100.0
Air Mineral Galon,17200.0,218,3749600.0
Air Mineral Galon,19400.0,184,3569600.0
Air Mineral Galon,22500.0,184,4140000.0
Air Mineral Galon,20100.0,188,3778800.0
Air Mineral Galon,20600.0,199,4099400.0
Air Mineral Galon,21900.0,201,4401900.0
Air Mineral Galon,23000.0,173,3979000.0
Air Mineral Galon,15600.0,223,3478800.0
Air Mineral Galon,20600.0,198,4078800.0
Air Mineral Galon,17900.0,213,3812700.0
Air Mineral Galon,17700.0,210,3717000.0
Air Mineral Galon,16400.0,176,2886400.0
Air Mineral Galon,21100.0,161,3397100.0
Air Mineral Galon,24400.0,186,4538400.0
Air Mineral Galon,24200.0,145,3509000.0
Air Mineral Galon,17900.0,208,3723200.0
Air Mineral Galon,24400.0,189,4611600.0
Air Mineral Galon,17100.0,179,3060900.0
Air Mineral Galon,20300.0,199,4039700.0
Air Mineral Galon,20400.0,171,3488400.0
Air Mineral Galon,18100.0,223,4036300.0
Air Mineral Galon,15600.0,208,3244800.0
Air Mineral Galon,19600.0,213,4174800.0
Air Mineral Galon,18500.0,216,3996000.0
Air Mineral Galon,21600.0,194,4190400.0
Air Mineral Galon,16000.0,217,3472000.0
Air Mineral Galon,18400.0,221,4066400.0
Air Mineral Galon,24200.0,157,3799400.0
Air Mineral Galon,22100.0,201,4442100.0
Air Mineral Galon,22400.0,164,3673600.0
Air Mineral Galon,21200.0,193,4091600.0
Air Mineral Galon,20100.0,158,3175800.0
Air Mineral Galon,22800.0,191,4354800.0
Air Mineral Galon,17800.0,210,3738000.0
Air Mineral Galon,23100.0,192,4435200.0
Air Mineral Galon,21000.0,165,3465000.0
Air Mineral Galon,20200.0,168,3393600.0
Air Mineral Galon,17100.0,191,3266100.0
Air Mineral Galon,20700.0,168,3477600.0
Air Mineral Galon,23000.0,186,4278000.0
Air Mineral Galon,23700.0,165,3910500.0
Air Mineral Galon,20900.0,159,3323100.0
Air Mineral Galon,19900.0,182,3621800.0
Air Mineral Galon,23400.0,191,4469400.0
Air Mineral Galon,24000.0,169,4056000.0
Air Mineral Galon,23900.0,193,4612700.0
Air Mineral Galon,17900.0,195,3490500.0
Air Mineral Galon,20700.0,195,4036500.0
Air Mineral Galon,15900.0,234,3720600.0
Air Mineral Galon,17800.0,198,3524400.0
Air Mineral Galon,19000.0,176,3344000.0
Air Mineral Galon,20100.0,178,3577800.0
Air Mineral Galon,23900.0,176,4206400.0
Air Mineral Galon,16400.0,193,3165200.0
Air Mineral Galon,20300.0,175,3552500.0
Air Mineral Galon,20800.0,163,3390400.0
Air Mineral Galon,16800.0,179,3007200.0
Air Mineral Galon,18300.0,177,3239100.0
Air Mineral Galon,18600.0,168,3124800.0
Air Mineral Galon,16300.0,185,3015500.0
Air Mineral Galon,24400.0,178,4343200.0
Air Mineral Galon,16300.0,203,3308900.0
Air Mineral Galon,23900.0,146,3489400.0
Air Mineral Galon,18900.0,186,3515400.0
Air Mineral Galon,18100.0,205,3710500.0
Air Mineral Galon,24200.0,158,3823600.0
Air Mineral Galon,20500.0,199,4079500.0
Air Mineral Galon,20200.0,160,3232000.0
Air Mineral Galon,16500.0,215,3547500.0
Air Mineral Galon,20800.0,200,4160000.0
Air Mineral Galon,18900.0,163,3080700.0
Air Mineral Galon,21600.0,197,4255200.0
Air Mineral Galon,16300.0,217,3537100.0
Air Mineral Galon,18600.0,178,3310800.0
Air Mineral Galon,19900.0,160,3184000.0
Air Mineral Galon,22300.0,176,3924800.0
Air Mineral Galon,21100.0,155,3270500.0
Air Mineral Galon,18800.0,191,3590800.0
Air Mineral Galon,16900.0,175,2957500.0
Air Mineral Galon,17700.0,173,3062100.0
Air Mineral Galon,18300.0,166,3037800.0
Air Mineral Galon,23300.0,160,3728000.0
Air Mineral Galon,15800.0,194,3065200.0
Air Mineral Galon,21500.0,154,3311000.0
Air Mineral Galon,21800.0,196,4272800.0
Air Mineral Galon,16200.0,224,3628800.0
Air Mineral Galon,19700.0,192,3782400.0
Air Mineral Galon,16200.0,189,3061800.0
Air Mineral Galon,19900.0,170,3383000.0
Air Mineral Galon,18900.0,181,3420900.0
Air Mineral Galon,21600.0,171,3693600.0
Air Mineral Galon,21700.0,165,3580500.0
Air Mineral Galon,19300.0,179,3454700.0
Air Mineral Galon,23900.0,182,4349800.0
Air Mineral Galon,20800.0,186,3868800.0
Air Mineral Galon,16500.0,179,2953500.0
Air Mineral Galon,16200.0,219,3547800.0
Air Mineral Galon,20800.0,207,4305600.0
Air Mineral Galon,18700.0,196,3665200.0
Air Mineral Galon,22100.0,165,3646500.0
Air Mineral Galon,21500.0,154,3311000.0
Air Mineral Galon,16600.0,205,3403000.0
Air Mineral Galon,24000.0,151,3624000.0
Air Mineral Galon,22500.0,189,4252500.0
Air Mineral Galon,17800.0,178,3168400.0
Air Mineral Galon,18200.0,204,3712800.0
Air Mineral Galon,23300.0,197,4590100.0
Air Mineral Galon,19300.0,207,3995100.0
Air Mineral Galon,17400.0,182,3166800.0
Air Mineral Galon,16600.0,222,3685200.0
Air Mineral Galon,17300.0,190,3287000.0
Air Mineral Galon,17000.0,196,3332000.0
Air Mineral Galon,17900.0,168,3007200.0
Air Mineral Galon,20500.0,190,3895000.0
Air Mineral Galon,17700.0,192,3398400.0
Air Mineral Galon,19100.0,188,3590800.0
Air Mineral Galon,19300.0,202,3898600.0
Air Mineral Galon,18300.0,168,3074400.0
Air Mineral Galon,15900.0,211,3354900.0
Air Mineral Galon,17800.0,197,3506600.0
Air Mineral Galon,17200.0,185,3182000.0
Air Mineral Galon,18500.0,205,3792500.0
Gas Melon 3kg,23500.0,241,5663500.0
Gas Melon 3kg,23400.0,284,6645600.0
Gas Melon 3kg,21000.0,271,5691000.0
Gas Melon 3kg,22800.0,244,5563200.0
Gas Melon 3kg,25400.0,218,5537200.0
Gas Melon 3kg,24700.0,225,5557500.0
Gas Melon 3kg,22400.0,257,5756800.0
Gas Melon 3kg,25800.0,236,6088800.0
Gas Melon 3kg,19900.0,235,4676500.0
Gas Melon 3kg,23100.0,238,5497800.0
Gas Melon 3kg,26400.0,219,5781600.0
Gas Melon 3kg,19900.0,292,5810800.0
Gas Melon 3kg,26700.0,224,5980800.0
Gas Melon 3kg,18500.0,291,5383500.0
Gas Melon 3kg,26700.0,231,6167700.0
Gas Melon 3kg,21500.0,247,5310500.0
Gas Melon 3kg,25700.0,265,6810500.0
Gas Melon 3kg,18600.0,293,5449800.0
Gas Melon 3kg,24200.0,243,5880600.0
Gas Melon 3kg,20200.0,254,5130800.0
Gas Melon 3kg,26300.0,252,6627600.0
Gas Melon 3kg,24400.0,281,6856400.0
Gas Melon 3kg,22400.0,285,6384000.0
Gas Melon 3kg,19100.0,317,6054700.0
Gas Melon 3kg,17300.0,293,5068900.0
Gas Melon 3kg,25300.0,263,6653900.0
Gas Melon 3kg,23100.0,273,6306300.0
Gas Melon 3kg,23300.0,237,5522100.0
Gas Melon 3kg,19000.0,292,5548000.0
Gas Melon 3kg,25500.0,217,5533500.0
Gas Melon 3kg,21100.0,306,6456600.0
Gas Melon 3kg,21500.0,234,5031000.0
Gas Melon 3kg,21600.0,256,5529600.0
Gas Melon 3kg,26500.0,259,6863500.0
Gas Melon 3kg,25900.0,267,6915300.0
Gas Melon 3kg,24500.0,216,5292000.0
Gas Melon 3kg,18100.0,296,5357600.0
Gas Melon 3kg,18600.0,316,5877600.0
Gas Melon 3kg,19000.0,249,4731000.0
Gas Melon 3kg,21200.0,233,4939600.0
Gas Melon 3kg,25900.0,279,7226100.0
Gas Melon 3kg,21000.0,275,5775000.0
Gas Melon 3kg,17500.0,264,4620000.0
Gas Melon 3kg,26000.0,217,5642000.0
Gas Melon 3kg,24000.0,294,7056000.0
Gas Melon 3kg,25200.0,271,6829200.0
Gas Melon 3kg,22400.0,239,5353600.0
Gas Melon 3kg,17700.0,286,5062200.0
Gas Melon 3kg,19600.0,253,4958800.0
Gas Melon 3kg,18900.0,238,4498200.0
Gas Melon 3kg,20100.0,300,6030000.0
Gas Melon 3kg,26800.0,211,5654800.0
Gas Melon 3kg,25200.0,279,7030800.0
Gas Melon 3kg,20000.0,252,5040000.0
Gas Melon 3kg,18300.0,275,5032500.0
Gas Melon 3kg,24100.0,238,5735800.0
Gas Melon 3kg,18500.0,301,5568500.0
Gas Melon 3kg,24500.0,220,5390000.0
Gas Melon 3kg,21500.0,305,6557500.0
Gas Melon 3kg,17500.0,292,5110000.0
Gas Melon 3kg,20800.0,230,4784000.0
Gas Melon 3kg,22600.0,257,5808200.0
Gas Melon 3kg,24000.0,235,5640000.0
Gas Melon 3kg,24200.0,246,5953200.0
Gas Melon 3kg,20800.0,252,5241600.0
Gas Melon 3kg,19700.0,280,5516000.0
Gas Melon 3kg,22600.0,285,6441000.0
Gas Melon 3kg,17500.0,275,4812500.0
Gas Melon 3kg,24600.0,228,5608800.0
Gas Melon 3kg,23800.0,241,5735800.0
Gas Melon 3kg,26200.0,272,7126400.0
Gas Melon 3kg,17800.0,285,5073000.0
Gas Melon 3kg,25000.0,248,6200000.0
Gas Melon 3kg,18200.0,267,4859400.0
Gas Melon 3kg,23400.0,225,5265000.0
Gas Melon 3kg,22700.0,234,5311800.0
Gas Melon 3kg,19900.0,294,5850600.0
Gas Melon 3kg,24700.0,284,7014800.0
Gas Melon 3kg,26400.0,250,6600000.0
Gas Melon 3kg,25200.0,270,6804000.0
Gas Melon 3kg,21700.0,271,5880700.0
Gas Melon 3kg,18000.0,279,5022000.0
Gas Melon 3kg,20400.0,261,5324400.0
Gas Melon 3kg,21300.0,270,5751000.0
Gas Melon 3kg,17600.0,246,4329600.0
Gas Melon 3kg,19000.0,304,5776000.0
Gas Melon 3kg,25000.0,215,5375000.0
Gas Melon 3kg,23200.0,234,5428800.0
Gas Melon 3kg,26000.0,219,5694000.0
Gas Melon 3kg,25300.0,238,6021400.0
Gas Melon 3kg,22600.0,269,6079400.0
Gas Melon 3kg,25100.0,247,6199700.0
Gas Melon 3kg,26800.0,244,6539200.0
Gas Melon 3kg,24700.0,283,6990100.0
Gas Melon 3kg,24900.0,250,6225000.0
Gas Melon 3kg,22100.0,225,4972500.0
Gas Melon 3kg,19600.0,259,5076400.0
Gas Melon 3kg,19300.0,236,4554800.0
Gas Melon 3kg,26400.0,246,6494400.0
Gas Melon 3kg,17200.0,285,4902000.0
Gas Melon 3kg,24900.0,266,6623400.0
Gas Melon 3kg,25800.0,265,6837000.0
Gas Melon 3kg,23100.0,245,5659500.0
Gas Melon 3kg,19400.0,262,5082800.0
Gas Melon 3kg,20200.0,254,5130800.0
Gas Melon 3kg,26500.0,269,7128500.0
Gas Melon 3kg,24800.0,287,7117600.0
Gas Melon 3kg,23200.0,293,6797600.0
Gas Melon 3kg,23400.0,239,5592600.0
Gas Melon 3kg,23500.0,265,6227500.0
Gas Melon 3kg,23200.0,294,6820800.0
Gas Melon 3kg,26600.0,222,5905200.0
Gas Melon 3kg,18100.0,315,5701500.0
Gas Melon 3kg,23300.0,264,6151200.0
Gas Melon 3kg,21100.0,230,4853000.0
Gas Melon 3kg,22800.0,258,5882400.0
Gas Melon 3kg,20300.0,292,5927600.0
Gas Melon 3kg,25300.0,233,5894900.0
Gas Melon 3kg,25400.0,275,6985000.0
Gas Melon 3kg,23300.0,224,5219200.0
Gas Melon 3kg,22400.0,233,5219200.0
Gas Melon 3kg,23400.0,228,5335200.0
Gas Melon 3kg,23400.0,251,5873400.0
Gas Melon 3kg,24300.0,217,5273100.0
Gas Melon 3kg,26000.0,254,6604000.0
Gas Melon 3kg,26700.0,231,6167700.0
Gas Melon 3kg,24800.0,255,6324000.0
Gas Melon 3kg,17600.0,251,4417600.0
Gas Melon 3kg,23100.0,296,6837600.0
Gas Melon 3kg,25600.0,276,7065600.0
Gas Melon 3kg,26200.0,270,7074000.0
Gas Melon 3kg,26100.0,222,5794200.0
Gas Melon 3kg,25700.0,253,6502100.0
Gas Melon 3kg,22200.0,267,5927400.0
Gas Melon 3kg,26400.0,227,5992800.0
Gas Melon 3kg,22100.0,257,5679700.0
Gas Melon 3kg,23500.0,224,5264000.0
Gas Melon 3kg,23400.0,290,6786000.0
Gas Melon 3kg,24300.0,254,6172200.0
Gas Melon 3kg,20400.0,288,5875200.0
Gas Melon 3kg,18800.0,283,5320400.0
Gas Melon 3kg,23700.0,227,5379900.0
Gas Melon 3kg,20000.0,271,5420000.0
Gas Melon 3kg,18700.0,266,4974200.0
Gas Melon 3kg,21200.0,247,5236400.0
Gas Melon 3kg,19200.0,303,5817600.0
Gas Melon 3kg,26800.0,223,5976400.0
Gas Melon 3kg,18200.0,274,4986800.0
Gas Melon 3kg,17400.0,283,4924200.0
Gas Melon 3kg,25200.0,243,6123600.0
Keripik Singkong,14200.0,278,3947600.0
Keripik Singkong,13100.0,307,4021700.0
Keripik Singkong,14500.0,225,3262500.0
Keripik Singkong,14300.0,296,4232800.0
Keripik Singkong,13500.0,243,3280500.0
Keripik Singkong,12000.0,368,4416000.0
Keripik Singkong,10700.0,478,5114600.0
Keripik Singkong,12200.0,340,4148000.0
Keripik Singkong,11900.0,305,3629500.0
Keripik Singkong,13600.0,278,3780800.0
Keripik Singkong,13100.0,264,3458400.0
Keripik Singkong,13100.0,303,3969300.0
Keripik Singkong,10800.0,457,4935600.0
Keripik Singkong,11900.0,318,3784200.0
Keripik Singkong,14600.0,224,3270400.0
Keripik Singkong,10000.0,408,4080000.0
Keripik Singkong,11700.0,394,4609800.0
Keripik Singkong,9400.0,592,5564800.0
Keripik Singkong,11100.0,361,4007100.0
Keripik Singkong,14500.0,256,3712000.0
Keripik Singkong,11000.0,358,3938000.0
Keripik Singkong,11100.0,354,3929400.0
Keripik Singkong,10800.0,440,4752000.0
Keripik Singkong,12200.0,300,3660000.0
Keripik Singkong,12000.0,349,4188000.0
Keripik Singkong,11400.0,341,3887400.0
Keripik Singkong,12100.0,296,3581600.0
Keripik Singkong,10400.0,480,4992000.0
Keripik Singkong,11900.0,304,3617600.0
Keripik Singkong,10800.0,391,4222800.0
Keripik Singkong,12200.0,373,4550600.0
Keripik Singkong,14000.0,308,4312000.0
Keripik Singkong,13500.0,277,3739500.0
Keripik Singkong,10100.0,533,5383300.0
Keripik Singkong,12900.0,337,4347300.0
Keripik Singkong,9700.0,477,4626900.0
Keripik Singkong,9900.0,449,4445100.0
Keripik Singkong,12600.0,331,4170600.0
Keripik Singkong,14400.0,251,3614400.0
Keripik Singkong,14000.0,280,3920000.0
Keripik Singkong,10000.0,510,5100000.0
Keripik Singkong,13300.0,288,3830400.0
Keripik Singkong,13100.0,318,4165800.0
Keripik Singkong,13900.0,238,3308200.0
Keripik Singkong,13700.0,304,4164800.0
Keripik Singkong,11600.0,406,4709600.0
Keripik Singkong,13500.0,265,3577500.0
Keripik Singkong,10100.0,464,4686400.0
Keripik Singkong,10400.0,474,4929600.0
Keripik Singkong,12900.0,291,3753900.0
Keripik Singkong,13700.0,247,3383900.0
Keripik Singkong,10000.0,452,4520000.0
Keripik Singkong,11000.0,368,4048000.0
Keripik Singkong,13800.0,300,4140000.0
Keripik Singkong,13900.0,277,3850300.0
Keripik Singkong,11700.0,368,4305600.0
Keripik Singkong,10500.0,379,3979500.0
Keripik Singkong,13300.0,296,3936800.0
Keripik Singkong,10800.0,441,4762800.0
Keripik Singkong,11000.0,415,4565000.0
Keripik Singkong,12600.0,287,3616200.0
Keripik Singkong,11100.0,412,4573200.0
Keripik Singkong,13000.0,301,3913000.0
Keripik Singkong,9500.0,475,4512500.0
Keripik Singkong,12000.0,350,4200000.0
Keripik Singkong,10100.0,440,4444000.0
Keripik Singkong,11700.0,394,4609800.0
Keripik Singkong,12000.0,391,4692000.0
Keripik Singkong,12000.0,382,4584000.0
Keripik Singkong,13700.0,287,3931900.0
Keripik Singkong,11200.0,392,4390400.0
Keripik Singkong,13600.0,278,3780800.0
Keripik Singkong,12000.0,337,4044000.0
Keripik Singkong,11800.0,351,4141800.0
Keripik Singkong,10000.0,462,4620000.0
Keripik Singkong,10200.0,448,4569600.0
Keripik Singkong,11900.0,330,3927000.0
Keripik Singkong,11300.0,395,4463500.0
Keripik Singkong,10800.0,469,5065200.0
Keripik Singkong,10900.0,387,4218300.0
Keripik Singkong,10800.0,414,4471200.0
Keripik Singkong,12600.0,316,3981600.0
Keripik Singkong,14400.0,276,3974400.0
Keripik Singkong,13100.0,280,3668000.0
Keripik Singkong,11600.0,395,4582000.0
Keripik Singkong,11600.0,330,3828000.0
Keripik Singkong,10000.0,418,4180000.0
Keripik Singkong,10500.0,446,4683000.0
Keripik Singkong,12000.0,384,4608000.0
Keripik Singkong,10400.0,427,4440800.0
Keripik Singkong,11700.0,401,4691700.0
Keripik Singkong,13300.0,320,4256000.0
Keripik Singkong,13900.0,247,3433300.0
Keripik Singkong,13800.0,273,3767400.0
Keripik Singkong,14200.0,267,3791400.0
Keripik Singkong,10400.0,415,4316000.0
Keripik Singkong,12300.0,316,3886800.0
Keripik Singkong,13100.0,310,4061000.0
Keripik Singkong,14300.0,265,3789500.0
Keripik Singkong,11700.0,381,4457700.0
Keripik Singkong,13400.0,304,4073600.0
Keripik Singkong,9800.0,425,4165000.0
Keripik Singkong,13700.0,271,3712700.0
Keripik Singkong,13200.0,273,3603600.0
Keripik Singkong,12500.0,330,4125000.0
Keripik Singkong,12200.0,302,3684400.0
Keripik Singkong,11800.0,308,3634400.0
Keripik Singkong,9400.0,579,5442600.0
Keripik Singkong,10300.0,397,4089100.0
Keripik Singkong,14600.0,225,3285000.0
Keripik Singkong,14300.0,285,4075500.0
Keripik Singkong,10400.0,407,4232800.0
Keripik Singkong,13300.0,250,3325000.0
Keripik Singkong,9600.0,515,4944000.0
Keripik Singkong,12900.0,319,4115100.0
Keripik Singkong,14000.0,294,4116000.0
Keripik Singkong,14100.0,282,3976200.0
Keripik Singkong,13500.0,323,4360500.0
Keripik Singkong,12100.0,370,4477000.0
Keripik Singkong,11600.0,339,3932400.0
Keripik Singkong,10100.0,459,4635900.0
Keripik Singkong,11200.0,398,4457600.0
Keripik Singkong,11000.0,393,4323000.0
Keripik Singkong,13600.0,239,3250400.0
Keripik Singkong,11100.0,363,4029300.0
Keripik Singkong,10100.0,475,4797500.0
Keripik Singkong,13900.0,293,4072700.0
Keripik Singkong,11100.0,427,4739700.0
Keripik Singkong,12800.0,328,4198400.0
Keripik Singkong,13300.0,301,4003300.0
Keripik Singkong,13800.0,241,3325800.0
Keripik Singkong,10200.0,451,4600200.0
Keripik Singkong,13700.0,312,4274400.0
Keripik Singkong,12000.0,350,4200000.0
Keripik Singkong,10200.0,427,4355400.0
Keripik Singkong,10300.0,439,4521700.0
Keripik Singkong,10500.0,447,4693500.0
Keripik Singkong,11100.0,413,4584300.0
Keripik Singkong,10300.0,400,4120000.0
Keripik Singkong,10200.0,408,4161600.0
Keripik Singkong,10900.0,413,4501700.0
Keripik Singkong,11200.0,391,4379200.0
Keripik Singkong,9800.0,443,4341400.0
Keripik Singkong,13600.0,321,4365600.0
Keripik Singkong,10300.0,412,4243600.0
Keripik Singkong,11500.0,395,4542500.0
Keripik Singkong,10600.0,420,4452000.0
Keripik Singkong,10300.0,474,4882200.0
Keripik Singkong,14300.0,242,3460600.0
Keripik Singkong,13500.0,285,3847500.0
Sabun Cuci,16300.0,178,2901400.0
Sabun Cuci,14100.0,225,3172500.0
Sabun Cuci,13100.0,205,2685500.0
Sabun Cuci,18500.0,117,2164500.0
Sabun Cuci,13000.0,230,2990000.0
Sabun Cuci,14700.0,196,2881200.0
Sabun Cuci,17400.0,140,2436000.0
Sabun Cuci,16600.0,160,2656000.0
Sabun Cuci,16300.0,172,2803600.0
Sabun Cuci,16200.0,178,2883600.0
Sabun Cuci,13200.0,242,3194400.0
Sabun Cuci,16000.0,189,3024000.0
Sabun Cuci,18600.0,137,2548200.0
Sabun Cuci,13600.0,185,2516000.0
Sabun Cuci,17200.0,162,2786400.0
Sabun Cuci,18500.0,154,2849000.0
Sabun Cuci,13700.0,181,2479700.0
Sabun Cuci,17400.0,151,2627400.0
Sabun Cuci,13700.0,193,2644100.0
Sabun Cuci,18000.0,137,2466000.0
Sabun Cuci,15100.0,173,2612300.0
Sabun Cuci,13500.0,202,2727000.0
Sabun Cuci,18000.0,156,2808000.0
Sabun Cuci,12700.0,235,2984500.0
Sabun Cuci,16600.0,151,2506600.0
Sabun Cuci,15700.0,181,2841700.0
Sabun Cuci,18800.0,124,2331200.0
Sabun Cuci,16700.0,172,2872400.0
Sabun Cuci,17900.0,135,2416500.0
Sabun Cuci,13700.0,205,2808500.0
Sabun Cuci,13600.0,221,3005600.0
Sabun Cuci,17000.0,139,2363000.0
Sabun Cuci,18400.0,118,2171200.0
Sabun Cuci,17600.0,154,2710400.0
Sabun Cuci,14200.0,182,2584400.0
Sabun Cuci,16000.0,146,2336000.0
Sabun Cuci,12900.0,234,3018600.0
Sabun Cuci,17500.0,131,2292500.0
Sabun Cuci,14000.0,218,3052000.0
Sabun Cuci,19400.0,133,2580200.0
Sabun Cuci,18000.0,134,2412000.0
Sabun Cuci,15700.0,155,2433500.0
Sabun Cuci,19400.0,141,2735400.0
Sabun Cuci,16500.0,175,2887500.0
Sabun Cuci,14300.0,167,2388100.0
Sabun Cuci,16600.0,147,2440200.0
Sabun Cuci,15300.0,193,2952900.0
Sabun Cuci,19100.0,113,2158300.0
Sabun Cuci,13100.0,208,2724800.0
Sabun Cuci,14800.0,157,2323600.0
Sabun Cuci,17200.0,164,2820800.0
Sabun Cuci,12600.0,257,3238200.0
Sabun Cuci,18700.0,145,2711500.0
Sabun Cuci,14200.0,194,2754800.0
Sabun Cuci,19300.0,131,2528300.0
Sabun Cuci,14800.0,173,2560400.0
Sabun Cuci,14000.0,170,2380000.0
Sabun Cuci,18900.0,149,2816100.0
Sabun Cuci,16100.0,150,2415000.0
Sabun Cuci,15400.0,179,2756600.0
Sabun Cuci,14300.0,201,2874300.0
Sabun Cuci,16500.0,170,2805000.0
Sabun Cuci,12700.0,229,2908300.0
Sabun Cuci,16000.0,177,2832000.0
Sabun Cuci,18700.0,151,2823700.0
Sabun Cuci,17700.0,126,2230200.0
Sabun Cuci,13700.0,216,2959200.0
Sabun Cuci,14300.0,194,2774200.0
Sabun Cuci,18100.0,144,2606400.0
Sabun Cuci,13400.0,234,3135600.0
Sabun Cuci,14500.0,208,3016000.0
Sabun Cuci,19300.0,126,2431800.0
Sabun Cuci,16200.0,159,2575800.0
Sabun Cuci,14200.0,172,2442400.0
Sabun Cuci,18600.0,143,2659800.0
Sabun Cuci,18200.0,122,2220400.0
Sabun Cuci,14900.0,179,2667100.0
Sabun Cuci,18700.0,151,2823700.0
Sabun Cuci,14500.0,200,2900000.0
Sabun Cuci,14700.0,198,2910600.0
Sabun Cuci,14600.0,204,2978400.0
Sabun Cuci,16600.0,174,2888400.0
Sabun Cuci,19300.0,150,2895000.0
Sabun Cuci,17200.0,148,2545600.0
Sabun Cuci,17600.0,163,2868800.0
Sabun Cuci,13100.0,244,3196400.0
Sabun Cuci,17800.0,128,2278400.0
Sabun Cuci,18400.0,136,2502400.0
Sabun Cuci,18400.0,148,2723200.0
Sabun Cuci,13600.0,214,2910400.0
Sabun Cuci,15300.0,196,2998800.0
Sabun Cuci,15300.0,161,2463300.0
Sabun Cuci,14000.0,179,2506000.0
Sabun Cuci,18500.0,128,2368000.0
Sabun Cuci,15100.0,163,2461300.0
Sabun Cuci,17200.0,140,2408000.0
Sabun Cuci,12500.0,229,2862500.0
Sabun Cuci,15300.0,198,3029400.0
Sabun Cuci,15000.0,171,2565000.0
Sabun Cuci,12900.0,200,2580000.0
Sabun Cuci,18700.0,140,2618000.0
Sabun Cuci,15400.0,174,2679600.0
Sabun Cuci,16100.0,142,2286200.0
Sabun Cuci,16300.0,163,2656900.0
Sabun Cuci,19100.0,146,2788600.0
Sabun Cuci,18500.0,133,2460500.0
Sabun Cuci,15800.0,183,2891400.0
Sabun Cuci,12600.0,218,2746800.0
Sabun Cuci,19000.0,119,2261000.0
Sabun Cuci,12500.0,257,3212500.0
Sabun Cuci,12800.0,240,3072000.0
Sabun Cuci,17300.0,132,2283600.0
Sabun Cuci,13400.0,200,2680000.0
Sabun Cuci,13400.0,238,3189200.0
Sabun Cuci,17000.0,132,2244000.0
Sabun Cuci,18500.0,135,2497500.0
Sabun Cuci,12700.0,225,2857500.0
Sabun Cuci,13500.0,237,3199500.0
Sabun Cuci,17500.0,126,2205000.0
Sabun Cuci,15200.0,202,3070400.0
Sabun Cuci,18700.0,148,2767600.0
Sabun Cuci,15600.0,166,2589600.0
Sabun Cuci,16400.0,151,2476400.0
Sabun Cuci,16000.0,178,2848000.0
Sabun Cuci,13900.0,225,3127500.0
Sabun Cuci,15000.0,178,2670000.0
Sabun Cuci,15300.0,183,2799900.0
Sabun Cuci,17400.0,153,2662200.0
Sabun Cuci,16200.0,169,2737800.0
Sabun Cuci,17700.0,149,2637300.0
Sabun Cuci,18200.0,160,2912000.0
Sabun Cuci,16600.0,160,2656000.0
Sabun Cuci,17700.0,153,2708100.0
Sabun Cuci,14600.0,179,2613400.0
Sabun Cuci,15000.0,198,2970000.0
Sabun Cuci,19100.0,145,2769500.0
Sabun Cuci,19100.0,134,2559400.0
Sabun Cuci,19400.0,111,2153400.0
Sabun Cuci,14600.0,202,2949200.0
Sabun Cuci,16900.0,133,2247700.0
Sabun Cuci,17600.0,137,2411200.0
Sabun Cuci,15800.0,177,2796600.0
Sabun Cuci,16000.0,160,2560000.0
Sabun Cuci,13900.0,185,2571500.0
Sabun Cuci,16700.0,160,2672000.0
Sabun Cuci,15100.0,184,2778400.0
Sabun Cuci,18300.0,131,2397300.0
Sabun Cuci,17500.0,140,2450000.0
Sabun Cuci,17500.0,147,2572500.0
Sabun Cuci,13700.0,201,2753700.0
Beras Premium 5kg,60500.0,154,9317000.0
Beras Premium 5kg,67700.0,161,10899700.0
Beras Premium 5kg,62800.0,145,9106000.0
Beras Premium 5kg,57700.0,189,10905300.0
Beras Premium 5kg,62200.0,162,10076400.0
Beras Premium 5kg,70200.0,150,10530000.0
Beras Premium 5kg,78400.0,165,12936000.0
Beras Premium 5kg,66900.0,165,11038500.0
Beras Premium 5kg,69100.0,183,12645300.0
Beras Premium 5kg,65300.0,152,9925600.0
Beras Premium 5kg,62000.0,188,11656000.0
Beras Premium 5kg,53200.0,197,10480400.0
Beras Premium 5kg,72100.0,139,10021900.0
Beras Premium 5kg,80600.0,164,13218400.0
Beras Premium 5kg,73500.0,131,9628500.0
Beras Premium 5kg,79600.0,127,10109200.0
Beras Premium 5kg,55800.0,204,11383200.0
Beras Premium 5kg,73500.0,157,11539500.0
Beras Premium 5kg,63200.0,164,10364800.0
Beras Premium 5kg,81600.0,137,11179200.0
Beras Premium 5kg,72100.0,169,12184900.0
Beras Premium 5kg,77600.0,147,11407200.0
Beras Premium 5kg,60700.0,177,10743900.0
Beras Premium 5kg,62400.0,154,9609600.0
Beras Premium 5kg,63000.0,168,10584000.0
Beras Premium 5kg,69600.0,159,11066400.0
Beras Premium 5kg,67100.0,151,10132100.0
Beras Premium 5kg,54800.0,186,10192800.0
Beras Premium 5kg,65600.0,154,10102400.0
Beras Premium 5kg,75000.0,145,10875000.0
Beras Premium 5kg,56100.0,161,9032100.0
Beras Premium 5kg,74500.0,156,11622000.0
Beras Premium 5kg,67600.0,169,11424400.0
Beras Premium 5kg,55700.0,156,8689200.0
Beras Premium 5kg,64100.0,188,12050800.0
Beras Premium 5kg,65800.0,177,11646600.0
Beras Premium 5kg,73300.0,165,12094500.0
Beras Premium 5kg,64700.0,165,10675500.0
Beras Premium 5kg,77700.0,153,11888100.0
Beras Premium 5kg,69900.0,180,12582000.0
Beras Premium 5kg,78100.0,127,9918700.0
Beras Premium 5kg,79400.0,134,10639600.0
Beras Premium 5kg,62500.0,172,10750000.0
Beras Premium 5kg,69200.0,160,11072000.0
Beras Premium 5kg,55900.0,178,9950200.0
Beras Premium 5kg,55200.0,190,10488000.0
Beras Premium 5kg,59000.0,172,10148000.0
Beras Premium 5kg,63900.0,147,9393300.0
Beras Premium 5kg,64200.0,159,10207800.0
Beras Premium 5kg,58600.0,171,10020600.0
Beras Premium 5kg,63600.0,156,9921600.0
Beras Premium 5kg,72500.0,154,11165000.0
Beras Premium 5kg,74100.0,141,10448100.0
Beras Premium 5kg,65200.0,169,11018800.0
Beras Premium 5kg,81100.0,130,10543000.0
Beras Premium 5kg,66100.0,179,11831900.0
Beras Premium 5kg,65100.0,182,11848200.0
Beras Premium 5kg,67500.0,180,12150000.0
Beras Premium 5kg,71600.0,158,11312800.0
Beras Premium 5kg,56600.0,192,10867200.0
Beras Premium 5kg,75500.0,162,12231000.0
Beras Premium 5kg,56400.0,191,10772400.0
Beras Premium 5kg,54500.0,167,9101500.0
Beras Premium 5kg,76000.0,150,11400000.0
Beras Premium 5kg,63200.0,188,11881600.0
Beras Premium 5kg,72900.0,177,12903300.0
Beras Premium 5kg,75700.0,139,10522300.0
Beras Premium 5kg,63900.0,184,11757600.0
Beras Premium 5kg,69200.0,159,11002800.0
Beras Premium 5kg,79900.0,143,11425700.0
Beras Premium 5kg,64700.0,142,9187400.0
Beras Premium 5kg,78300.0,152,11901600.0
Beras Premium 5kg,61200.0,150,9180000.0
Beras Premium 5kg,63200.0,162,10238400.0
Beras Premium 5kg,53600.0,205,10988000.0
Beras Premium 5kg,56100.0,160,8976000.0
Beras Premium 5kg,81200.0,128,10393600.0
Beras Premium 5kg,64900.0,183,11876700.0
Beras Premium 5kg,79300.0,153,12132900.0
Beras Premium 5kg,78100.0,158,12339800.0
Beras Premium 5kg,58800.0,183,10760400.0
Beras Premium 5kg,82700.0,124,10254800.0
Beras Premium 5kg,75700.0,153,11582100.0
Beras Premium 5kg,82500.0,142,11715000.0
Beras Premium 5kg,54700.0,178,9736600.0
Beras Premium 5kg,56600.0,204,11546400.0
Beras Premium 5kg,66800.0,188,12558400.0
Beras Premium 5kg,75600.0,134,10130400.0
Beras Premium 5kg,70300.0,181,12724300.0
Beras Premium 5kg,62700.0,144,9028800.0
Beras Premium 5kg,56800.0,156,8860800.0
Beras Premium 5kg,69900.0,139,9716100.0
Beras Premium 5kg,64500.0,156,10062000.0
Beras Premium 5kg,63700.0,189,12039300.0
Beras Premium 5kg,81900.0,153,12530700.0
Beras Premium 5kg,75200.0,145,10904000.0
Beras Premium 5kg,54100.0,186,10062600.0
Beras Premium 5kg,65200.0,144,9388800.0
Beras Premium 5kg,53100.0,192,10195200.0
Beras Premium 5kg,74600.0,138,10294800.0
Beras Premium 5kg,82900.0,160,13264000.0
Beras Premium 5kg,79600.0,128,10188800.0
Beras Premium 5kg,53400.0,213,11374200.0
Beras Premium 5kg,64900.0,185,12006500.0
Beras Premium 5kg,55300.0,187,10341100.0
Beras Premium 5kg,80500.0,151,12155500.0
Beras Premium 5kg,81800.0,165,13497000.0
Beras Premium 5kg,76100.0,160,12176000.0
Beras Premium 5kg,63500.0,159,10096500.0
Beras Premium 5kg,60200.0,174,10474800.0
Beras Premium 5kg,67800.0,177,12000600.0
Beras Premium 5kg,64800.0,152,9849600.0
Beras Premium 5kg,58500.0,164,9594000.0
Beras Premium 5kg,82400.0,159,13101600.0
Beras Premium 5kg,80700.0,153,12347100.0
Beras Premium 5kg,71500.0,144,10296000.0
Beras Premium 5kg,68100.0,170,11577000.0
Beras Premium 5kg,62500.0,158,9875000.0
Beras Premium 5kg,77200.0,150,11580000.0
Beras Premium 5kg,65900.0,180,11862000.0
Beras Premium 5kg,54700.0,173,9463100.0
Beras Premium 5kg,80400.0,128,10291200.0
Beras Premium 5kg,78800.0,156,12292800.0
Beras Premium 5kg,74800.0,162,12117600.0
Beras Premium 5kg,61000.0,158,9638000.0
Beras Premium 5kg,81700.0,154,12581800.0
Beras Premium 5kg,73100.0,169,12353900.0
Beras Premium 5kg,82100.0,161,13218100.0
Beras Premium 5kg,69800.0,165,11517000.0
Beras Premium 5kg,56800.0,166,9428800.0
Beras Premium 5kg,80400.0,141,11336400.0
Beras Premium 5kg,76300.0,139,10605700.0
Beras Premium 5kg,75300.0,158,11897400.0
Beras Premium 5kg,56300.0,162,9120600.0
Beras Premium 5kg,61500.0,185,11377500.0
Beras Premium 5kg,71700.0,158,11328600.0
Beras Premium 5kg,59000.0,174,10266000.0
Beras Premium 5kg,63300.0,184,11647200.0
Beras Premium 5kg,56400.0,206,11618400.0
Beras Premium 5kg,75200.0,155,11656000.0
Beras Premium 5kg,62900.0,158,9938200.0
Beras Premium 5kg,77800.0,134,10425200.0
Beras Premium 5kg,64200.0,158,10143600.0
Beras Premium 5kg,70300.0,143,10052900.0
Beras Premium 5kg,62900.0,178,11196200.0
Beras Premium 5kg,61900.0,177,10956300.0
Beras Premium 5kg,54300.0,197,10697100.0
Beras Premium 5kg,76600.0,137,10494200.0
Beras Premium 5kg,79800.0,156,12448800.0
Beras Premium 5kg,59800.0,187,11182600.0
Minyak Goreng 2L,32300.0,415,13404500.0
Minyak Goreng 2L,27600.0,466,12861600.0
Minyak Goreng 2L,38800.0,296,11484800.0
Minyak Goreng 2L,28900.0,407,11762300.0
Minyak Goreng 2L,39700.0,316,12545200.0
Minyak Goreng 2L,36200.0,315,11403000.0
Minyak Goreng 2L,29500.0,382,11269000.0
Minyak Goreng 2L,33900.0,388,13153200.0
Minyak Goreng 2L,36300.0,306,11107800.0
Minyak Goreng 2L,30300.0,344,10423200.0
Minyak Goreng 2L,28500.0,421,11998500.0
Minyak Goreng 2L,30600.0,437,13372200.0
Minyak Goreng 2L,35900.0,308,11057200.0
Minyak Goreng 2L,34900.0,306,10679400.0
Minyak Goreng 2L,31100.0,377,11724700.0
Minyak Goreng 2L,31500.0,423,13324500.0
Minyak Goreng 2L,40100.0,334,13393400.0
Minyak Goreng 2L,38500.0,291,11203500.0
Minyak Goreng 2L,37500.0,303,11362500.0
Minyak Goreng 2L,28300.0,389,11008700.0
Minyak Goreng 2L,28100.0,370,10397000.0
Minyak Goreng 2L,29200.0,441,12877200.0
Minyak Goreng 2L,30800.0,423,13028400.0
Minyak Goreng 2L,30700.0,384,11788800.0
Minyak Goreng 2L,36600.0,369,13505400.0
Minyak Goreng 2L,35000.0,394,13790000.0
Minyak Goreng 2L,30700.0,433,13293100.0
Minyak Goreng 2L,37200.0,356,13243200.0
Minyak Goreng 2L,40500.0,310,12555000.0
Minyak Goreng 2L,30300.0,431,13059300.0
Minyak Goreng 2L,38800.0,288,11174400.0
Minyak Goreng 2L,30600.0,410,12546000.0
Minyak Goreng 2L,38800.0,327,12687600.0
Minyak Goreng 2L,40000.0,333,13320000.0
Minyak Goreng 2L,39900.0,330,13167000.0
Minyak Goreng 2L,38700.0,289,11184300.0
Minyak Goreng 2L,38800.0,364,14123200.0
Minyak Goreng 2L,30200.0,340,10268000.0
Minyak Goreng 2L,34500.0,394,13593000.0
Minyak Goreng 2L,37600.0,313,11768800.0
Minyak Goreng 2L,31600.0,380,12008000.0
Minyak Goreng 2L,30300.0,411,12453300.0
Minyak Goreng 2L,39400.0,322,12686800.0
Minyak Goreng 2L,29200.0,355,10366000.0
Minyak Goreng 2L,38400.0,337,12940800.0
Minyak Goreng 2L,34900.0,335,11691500.0
Minyak Goreng 2L,34600.0,323,11175800.0
Minyak Goreng 2L,28200.0,456,12859200.0
Minyak Goreng 2L,29700.0,425,12622500.0
Minyak Goreng 2L,29300.0,410,12013000.0
Minyak Goreng 2L,32400.0,377,12214800.0
Minyak Goreng 2L,38200.0,349,13331800.0
Minyak Goreng 2L,27100.0,437,11842700.0
Minyak Goreng 2L,37000.0,306,11322000.0
Minyak Goreng 2L,32800.0,318,10430400.0
Minyak Goreng 2L,27900.0,415,11578500.0
Minyak Goreng 2L,33700.0,332,11188400.0
Minyak Goreng 2L,35000.0,373,13055000.0
Minyak Goreng 2L,36000.0,316,11376000.0
Minyak Goreng 2L,35200.0,367,12918400.0
Minyak Goreng 2L,31400.0,408,12811200.0
Minyak Goreng 2L,32100.0,386,12390600.0
Minyak Goreng 2L,31400.0,423,13282200.0
Minyak Goreng 2L,29800.0,422,12575600.0
Minyak Goreng 2L,37200.0,367,13652400.0
Minyak Goreng 2L,34800.0,395,13746000.0
Minyak Goreng 2L,37500.0,376,14100000.0
Minyak Goreng 2L,29700.0,444,13186800.0
Minyak Goreng 2L,26700.0,468,12495600.0
Minyak Goreng 2L,36100.0,295,10649500.0
Minyak Goreng 2L,40200.0,335,13467000.0
Minyak Goreng 2L,40200.0,267,10733400.0
Minyak Goreng 2L,39800.0,304,12099200.0
Minyak Goreng 2L,34300.0,383,13136900.0
Minyak Goreng 2L,31200.0,360,11232000.0
Minyak Goreng 2L,37900.0,350,13265000.0
Minyak Goreng 2L,34200.0,343,11730600.0
Minyak Goreng 2L,27300.0,472,12885600.0
Minyak Goreng 2L,35900.0,305,10949500.0
Minyak Goreng 2L,40400.0,274,11069600.0
Minyak Goreng 2L,29000.0,408,11832000.0
Minyak Goreng 2L,33100.0,390,12909000.0
Minyak Goreng 2L,33200.0,344,11420800.0
Minyak Goreng 2L,39300.0,349,13715700.0
Minyak Goreng 2L,31100.0,419,13030900.0
Minyak Goreng 2L,34400.0,319,10973600.0
Minyak Goreng 2L,29400.0,383,11260200.0
Minyak Goreng 2L,29400.0,445,13083000.0
Minyak Goreng 2L,30200.0,415,12533000.0
Minyak Goreng 2L,39800.0,323,12855400.0
Minyak Goreng 2L,33000.0,339,11187000.0
Minyak Goreng 2L,37100.0,316,11723600.0
Minyak Goreng 2L,26900.0,490,13181000.0
Minyak Goreng 2L,40800.0,271,11056800.0
Minyak Goreng 2L,33100.0,358,11849800.0
Minyak Goreng 2L,40400.0,272,10988800.0
Minyak Goreng 2L,36600.0,308,11272800.0
Minyak Goreng 2L,40700.0,345,14041500.0
Minyak Goreng 2L,29700.0,417,12384900.0
Minyak Goreng 2L,36500.0,325,11862500.0
Minyak Goreng 2L,30700.0,395,12126500.0
Minyak Goreng 2L,33700.0,370,12469000.0
Minyak Goreng 2L,28000.0,439,12292000.0
Minyak Goreng 2L,28500.0,356,10146000.0
Minyak Goreng 2L,35900.0,389,13965100.0
Minyak Goreng 2L,28000.0,370,10360000.0
Minyak Goreng 2L,31200.0,427,13322400.0
Minyak Goreng 2L,37200.0,374,13912800.0
Minyak Goreng 2L,34300.0,314,10770200.0
Minyak Goreng 2L,39100.0,346,13528600.0
Minyak Goreng 2L,38200.0,375,14325000.0
Minyak Goreng 2L,27100.0,488,13224800.0
Minyak Goreng 2L,29200.0,353,10307600.0
Minyak Goreng 2L,26700.0,462,12335400.0
Minyak Goreng 2L,34700.0,323,11208100.0
Minyak Goreng 2L,27500.0,471,12952500.0
Minyak Goreng 2L,37000.0,381,14097000.0
Minyak Goreng 2L,35200.0,383,13481600.0
Minyak Goreng 2L,34400.0,312,10732800.0
Minyak Goreng 2L,33500.0,395,13232500.0
Minyak Goreng 2L,27600.0,419,11564400.0
Minyak Goreng 2L,38700.0,364,14086800.0
Minyak Goreng 2L,38400.0,327,12556800.0
Minyak Goreng 2L,39000.0,279,10881000.0
Minyak Goreng 2L,36800.0,385,14168000.0
Minyak Goreng 2L,29900.0,405,12109500.0
Minyak Goreng 2L,40300.0,342,13782600.0
Minyak Goreng 2L,34200.0,318,10875600.0
Minyak Goreng 2L,29300.0,455,13331500.0
Minyak Goreng 2L,28500.0,398,11343000.0
Minyak Goreng 2L,32900.0,336,11054400.0
Minyak Goreng 2L,30300.0,444,13453200.0
Minyak Goreng 2L,30000.0,414,12420000.0
Minyak Goreng 2L,37700.0,360,13572000.0
Minyak Goreng 2L,34200.0,312,10670400.0
Minyak Goreng 2L,34000.0,341,11594000.0
Minyak Goreng 2L,34200.0,369,12619800.0
Minyak Goreng 2L,36700.0,367,13468900.0
Minyak Goreng 2L,39000.0,340,13260000.0
Minyak Goreng 2L,36100.0,337,12165700.0
Minyak Goreng 2L,26900.0,425,11432500.0
Minyak Goreng 2L,35000.0,375,13125000.0
Minyak Goreng 2L,26500.0,467,12375500.0
Minyak Goreng 2L,35600.0,316,11249600.0
Minyak Goreng 2L,40400.0,270,10908000.0
Minyak Goreng 2L,31800.0,402,12783600.0
Minyak Goreng 2L,33500.0,366,12261000.0
Minyak Goreng 2L,29500.0,404,11918000.0
Minyak Goreng 2L,41200.0,339,13966800.0
Minyak Goreng 2L,33000.0,354,11682000.0
Snack Cokelat,8900.0,411,3657900.0
Snack Cokelat,9600.0,357,3427200.0
Snack Cokelat,8600.0,368,3164800.0
Snack Cokelat,11200.0,251,2811200.0
Snack Cokelat,11700.0,243,2843100.0
Snack Cokelat,11400.0,242,2758800.0
Snack Cokelat,10800.0,289,3121200.0
Snack Cokelat,10100.0,290,2929000.0
Snack Cokelat,9600.0,293,2812800.0
Snack Cokelat,9600.0,311,2985600.0
Snack Cokelat,9800.0,290,2842000.0
Snack Cokelat,10000.0,333,3330000.0
Snack Cokelat,8500.0,401,3408500.0
Snack Cokelat,11300.0,215,2429500.0
Snack Cokelat,10700.0,291,3113700.0
Snack Cokelat,8700.0,472,4106400.0
Snack Cokelat,8000.0,496,3968000.0
Snack Cokelat,12000.0,193,2316000.0
Snack Cokelat,11900.0,234,2784600.0
Snack Cokelat,8700.0,433,3767100.0
Snack Cokelat,11800.0,222,2619600.0
Snack Cokelat,11100.0,272,3019200.0
Snack Cokelat,8100.0,413,3345300.0
Snack Cokelat,8600.0,437,3758200.0
Snack Cokelat,8400.0,389,3267600.0
Snack Cokelat,11600.0,239,2772400.0
Snack Cokelat,9100.0,378,3439800.0
Snack Cokelat,9700.0,355,3443500.0
Snack Cokelat,10700.0,307,3284900.0
Snack Cokelat,11300.0,226,2553800.0
Snack Cokelat,10600.0,264,2798400.0
Snack Cokelat,9600.0,367,3523200.0
Snack Cokelat,10200.0,286,2917200.0
Snack Cokelat,10000.0,325,3250000.0
Snack Cokelat,11700.0,196,2293200.0
Snack Cokelat,10400.0,263,2735200.0
Snack Cokelat,8100.0,478,3871800.0
Snack Cokelat,11200.0,271,3035200.0
Snack Cokelat,10900.0,273,2975700.0
Snack Cokelat,9100.0,324,2948400.0
Snack Cokelat,10900.0,280,3052000.0
Snack Cokelat,9800.0,353,3459400.0
Snack Cokelat,10300.0,320,3296000.0
Snack Cokelat,10000.0,267,2670000.0
Snack Cokelat,8000.0,520,4160000.0
Snack Cokelat,10400.0,278,2891200.0
Snack Cokelat,11300.0,215,2429500.0
Snack Cokelat,9000.0,406,3654000.0
Snack Cokelat,9300.0,363,3375900.0
Snack Cokelat,11900.0,189,2249100.0
Snack Cokelat,11300.0,258,2915400.0
Snack Cokelat,10100.0,278,2807800.0
Snack Cokelat,9200.0,419,3854800.0
Snack Cokelat,8900.0,351,3123900.0
Snack Cokelat,10300.0,291,2997300.0
Snack Cokelat,12100.0,204,2468400.0
Snack Cokelat,8500.0,456,3876000.0
Snack Cokelat,11300.0,216,2440800.0
Snack Cokelat,10400.0,287,2984800.0
Snack Cokelat,9500.0,391,3714500.0
Snack Cokelat,12000.0,180,2160000.0
Snack Cokelat,10100.0,267,2696700.0
Snack Cokelat,9800.0,319,3126200.0
Snack Cokelat,8500.0,384,3264000.0
Snack Cokelat,9400.0,342,3214800.0
Snack Cokelat,10500.0,257,2698500.0
Snack Cokelat,9200.0,406,3735200.0
Snack Cokelat,8100.0,434,3515400.0
Snack Cokelat,8900.0,373,3319700.0
Snack Cokelat,10000.0,309,3090000.0
Snack Cokelat,10300.0,294,3028200.0
Snack Cokelat,10800.0,248,2678400.0
Snack Cokelat,12100.0,201,2432100.0
Snack Cokelat,10800.0,230,2484000.0
Snack Cokelat,10500.0,305,3202500.0
Snack Cokelat,10500.0,263,2761500.0
Snack Cokelat,11100.0,284,3152400.0
Snack Cokelat,8000.0,448,3584000.0
Snack Cokelat,9200.0,399,3670800.0
Snack Cokelat,10000.0,324,3240000.0
Snack Cokelat,9400.0,330,3102000.0
Snack Cokelat,7900.0,530,4187000.0
Snack Cokelat,10400.0,257,2672800.0
Snack Cokelat,8300.0,505,4191500.0
Snack Cokelat,8600.0,426,3663600.0
Snack Cokelat,11200.0,249,2788800.0
Snack Cokelat,10400.0,298,3099200.0
Snack Cokelat,11300.0,223,2519900.0
Snack Cokelat,8200.0,496,4067200.0
Snack Cokelat,8800.0,370,3256000.0
Snack Cokelat,9800.0,312,3057600.0
Snack Cokelat,10300.0,282,2904600.0
Snack Cokelat,9300.0,340,3162000.0
Snack Cokelat,10700.0,299,3199300.0
Snack Cokelat,12100.0,202,2444200.0
Snack Cokelat,11200.0,268,3001600.0
Snack Cokelat,8400.0,500,4200000.0
Snack Cokelat,10200.0,334,3406800.0
Snack Cokelat,10100.0,303,3060300.0
Snack Cokelat,12200.0,221,2696200.0
Snack Cokelat,10200.0,261,2662200.0
Snack Cokelat,8900.0,339,3017100.0
Snack Cokelat,11800.0,196,2312800.0
Snack Cokelat,9700.0,295,2861500.0
Snack Cokelat,11600.0,200,2320000.0
Snack Cokelat,12200.0,225,2745000.0
Snack Cokelat,8400.0,416,3494400.0
Snack Cokelat,10700.0,231,2471700.0
Snack Cokelat,10100.0,319,3221900.0
Snack Cokelat,8400.0,460,3864000.0
Snack Cokelat,8700.0,402,3497400.0
Snack Cokelat,11900.0,190,2261000.0
Snack Cokelat,8700.0,364,3166800.0
Snack Cokelat,8300.0,395,3278500.0
Snack Cokelat,9400.0,362,3402800.0
Snack Cokelat,11400.0,233,2656200.0
Snack Cokelat,9800.0,311,3047800.0
Snack Cokelat,12200.0,185,2257000.0
Snack Cokelat,8300.0,469,3892700.0
Snack Cokelat,8300.0,444,3685200.0
Snack Cokelat,9100.0,436,3967600.0
Snack Cokelat,9600.0,372,3571200.0
Snack Cokelat,10400.0,244,2537600.0
Snack Cokelat,7900.0,522,4123800.0
Snack Cokelat,9200.0,380,3496000.0
Snack Cokelat,11300.0,235,2655500.0
Snack Cokelat,10700.0,272,2910400.0
Snack Cokelat,11400.0,205,2337000.0
Snack Cokelat,9600.0,360,3456000.0
Snack Cokelat,8300.0,462,3834600.0
Snack Cokelat,9200.0,354,3256800.0
Snack Cokelat,8400.0,429,3603600.0
Snack Cokelat,9700.0,318,3084600.0
Snack Cokelat,8200.0,473,3878600.0
Snack Cokelat,12000.0,193,2316000.0
Snack Cokelat,8200.0,460,3772000.0
Snack Cokelat,10000.0,292,2920000.0
Snack Cokelat,11900.0,241,2867900.0
Snack Cokelat,7800.0,462,3603600.0
Snack Cokelat,9400.0,403,3788200.0
Snack Cokelat,10000.0,285,2850000.0
Snack Cokelat,8400.0,386,3242400.0
Snack Cokelat,11300.0,273,3084900.0
Snack Cokelat,8600.0,377,3242200.0
Snack Cokelat,11600.0,234,2714400.0
Snack Cokelat,11000.0,276,3036000.0
Snack Cokelat,11000.0,289,3179000.0
Snack Cokelat,11800.0,241,2843800.0
Snack Cokelat,10800.0,291,3142800.0
Snack Cokelat,9700.0,334,3239800.0
Garam Dapur,4100.0,354,1451400.0
Garam Dapur,6000.0,298,1788000.0
Garam Dapur,5700.0,340,1938000.0
Garam Dapur,4100.0,396,1623600.0
Garam Dapur,5800.0,365,2117000.0
Garam Dapur,4400.0,391,1720400.0
Garam Dapur,4900.0,349,1710100.0
Garam Dapur,4300.0,384,1651200.0
Garam Dapur,4900.0,353,1729700.0
Garam Dapur,5800.0,293,1699400.0
Garam Dapur,4300.0,386,1659800.0
Garam Dapur,6100.0,372,2269200.0
Garam Dapur,4300.0,383,1646900.0
Garam Dapur,5800.0,317,1838600.0
Garam Dapur,5600.0,361,2021600.0
Garam Dapur,4300.0,400,1720000.0
Garam Dapur,5400.0,341,1841400.0
Garam Dapur,5100.0,310,1581000.0
Garam Dapur,6000.0,339,2034000.0
Garam Dapur,4400.0,409,1799600.0
Garam Dapur,6100.0,316,1927600.0
Garam Dapur,5600.0,361,2021600.0
Garam Dapur,4400.0,350,1540000.0
Garam Dapur,4100.0,381,1562100.0
Garam Dapur,5500.0,385,2117500.0
Garam Dapur,5500.0,380,2090000.0
Garam Dapur,5500.0,391,2150500.0
Garam Dapur,5100.0,338,1723800.0
Garam Dapur,4800.0,306,1468800.0
Garam Dapur,4400.0,360,1584000.0
Garam Dapur,5100.0,387,1973700.0
Garam Dapur,5400.0,333,1798200.0
Garam Dapur,4000.0,395,1580000.0
Garam Dapur,4500.0,391,1759500.0
Garam Dapur,4500.0,360,1620000.0
Garam Dapur,5900.0,352,2076800.0
Garam Dapur,5800.0,390,2262000.0
Garam Dapur,4400.0,404,1777600.0
Garam Dapur,5700.0,354,2017800.0
Garam Dapur,5700.0,301,1715700.0
Garam Dapur,5200.0,323,1679600.0
Garam Dapur,5400.0,375,2025000.0
Garam Dapur,4500.0,399,1795500.0
Garam Dapur,4600.0,347,1596200.0
Garam Dapur,4500.0,411,1849500.0
Garam Dapur,4000.0,411,1644000.0
Garam Dapur,5500.0,389,2139500.0
Garam Dapur,3900.0,383,1493700.0
Garam Dapur,5700.0,330,1881000.0
Garam Dapur,5700.0,301,1715700.0
Garam Dapur,6100.0,379,2311900.0
Garam Dapur,4900.0,387,1896300.0
Garam Dapur,4100.0,422,1730200.0
Garam Dapur,5900.0,331,1952900.0
Garam Dapur,5700.0,383,2183100.0
Garam Dapur,4500.0,316,1422000.0
Garam Dapur,4500.0,380,1710000.0
Garam Dapur,4800.0,315,1512000.0
Garam Dapur,4400.0,399,1755600.0
Garam Dapur,6100.0,381,2324100.0
Garam Dapur,5800.0,387,2244600.0
Garam Dapur,4400.0,348,1531200.0
Garam Dapur,6000.0,318,1908000.0
Garam Dapur,5800.0,348,2018400.0
Garam Dapur,4700.0,400,1880000.0
Garam Dapur,5600.0,391,2189600.0
Garam Dapur,4200.0,406,1705200.0
Garam Dapur,4000.0,402,1608000.0
Garam Dapur,4300.0,354,1522200.0
Garam Dapur,4700.0,313,1471100.0
Garam Dapur,5200.0,375,1950000.0
Garam Dapur,5700.0,296,1687200.0
Garam Dapur,5400.0,348,1879200.0
Garam Dapur,4800.0,318,1526400.0
Garam Dapur,4600.0,323,1485800.0
Garam Dapur,5200.0,317,1648400.0
Garam Dapur,4100.0,339,1389900.0
Garam Dapur,4200.0,420,1764000.0
Garam Dapur,5800.0,387,2244600.0
Garam Dapur,5000.0,361,1805000.0
Garam Dapur,5000.0,330,1650000.0
Garam Dapur,6000.0,358,2148000.0
Garam Dapur,4200.0,348,1461600.0
Garam Dapur,4600.0,326,1499600.0
Garam Dapur,5600.0,371,2077600.0
Garam Dapur,5000.0,395,1975000.0
Garam Dapur,5800.0,347,2012600.0
Garam Dapur,5600.0,366,2049600.0
Garam Dapur,4700.0,366,1720200.0
Garam Dapur,6100.0,360,2196000.0
Garam Dapur,5900.0,328,1935200.0
Garam Dapur,4600.0,335,1541000.0
Garam Dapur,5600.0,354,1982400.0
Garam Dapur,4000.0,320,1280000.0
Garam Dapur,5000.0,379,1895000.0
Garam Dapur,4500.0,375,1687500.0
Garam Dapur,4400.0,353,1553200.0
Garam Dapur,6100.0,290,1769000.0
Garam Dapur,4600.0,375,1725000.0
Garam Dapur,5400.0,298,1609200.0
Garam Dapur,4100.0,380,1558000.0
Garam Dapur,4800.0,384,1843200.0
Garam Dapur,4500.0,341,1534500.0
Garam Dapur,5100.0,365,1861500.0
Garam Dapur,5300.0,309,1637700.0
Garam Dapur,5400.0,361,1949400.0
Garam Dapur,5300.0,396,2098800.0
Garam Dapur,4200.0,348,1461600.0
Garam Dapur,5500.0,396,2178000.0
Garam Dapur,5000.0,362,1810000.0
Garam Dapur,5500.0,322,1771000.0
Garam Dapur,5400.0,314,1695600.0
Garam Dapur,4300.0,414,1780200.0
Garam Dapur,5600.0,334,1870400.0
Garam Dapur,5600.0,321,1797600.0
Garam Dapur,4400.0,357,1570800.0
Garam Dapur,4300.0,384,1651200.0
Garam Dapur,5300.0,312,1653600.0
Garam Dapur,5700.0,369,2103300.0
Garam Dapur,5200.0,324,1684800.0
Garam Dapur,3900.0,425,1657500.0
Garam Dapur,5100.0,306,1560600.0
Garam Dapur,4000.0,322,1288000.0
Garam Dapur,5100.0,323,1647300.0
Garam Dapur,5400.0,314,1695600.0
Garam Dapur,6100.0,307,1872700.0
Garam Dapur,6000.0,322,1932000.0
Garam Dapur,4200.0,399,1675800.0
Garam Dapur,4100.0,389,1594900.0
Garam Dapur,5000.0,400,2000000.0
Garam Dapur,5100.0,373,1902300.0
Garam Dapur,4100.0,378,1549800.0
Garam Dapur,4800.0,342,1641600.0
Garam Dapur,4200.0,363,1524600.0
Garam Dapur,4400.0,318,1399200.0
Garam Dapur,5300.0,373,1976900.0
Garam Dapur,3900.0,359,1400100.0
Garam Dapur,4600.0,341,1568600.0
Garam Dapur,5600.0,360,2016000.0
Garam Dapur,5700.0,335,1909500.0
Garam Dapur,4300.0,414,1780200.0
Garam Dapur,5400.0,317,1711800.0
Garam Dapur,4500.0,369,1660500.0
Garam Dapur,5900.0,291,1716900.0
Garam Dapur,5600.0,382,2139200.0
Garam Dapur,4900.0,311,1523900.0
Garam Dapur,5800.0,359,2082200.0
Garam Dapur,4300.0,351,1509300.0
Garam Dapur,6100.0,330,2013000.0
Garam Dapur,4700.0,394,1851800.0
