user_id,cohort,plan,mrr,tenure,active_now,obs_months
U2000,2025-02-01,Pro,249000,11,0,11
U2001,2025-05-01,Basic,99000,3,0,3
U2002,2025-11-01,Basic,99000,7,1,7
U2003,2025-08-01,Pro,249000,10,1,10
U2004,2025-06-01,Business,599000,12,1,12
U2005,2025-06-01,Basic,99000,12,1,12
U2006,2025-12-01,Business,599000,6,1,6
U2007,2025-01-01,Basic,99000,1,0,1
U2008,2025-08-01,Basic,99000,2,0,2
U2009,2025-05-01,Pro,249000,13,0,13
U2010,2025-06-01,Basic,99000,12,1,12
U2011,2025-01-01,Basic,99000,10,0,10
U2012,2025-08-01,Basic,99000,1,0,1
U2013,2025-03-01,Basic,99000,1,0,1
U2014,2025-05-01,Basic,99000,4,0,4
U2015,2025-09-01,Basic,99000,1,0,1
U2016,2025-01-01,Pro,249000,17,0,17
U2017,2025-04-01,Pro,249000,5,0,5
U2018,2025-12-01,Basic,99000,6,0,6
U2019,2025-02-01,Pro,249000,4,0,4
U2020,2025-08-01,Business,599000,4,0,4
U2021,2025-12-01,Basic,99000,6,1,6
U2022,2025-01-01,Pro,249000,17,1,17
U2023,2025-07-01,Basic,99000,6,0,6
U2024,2025-12-01,Basic,99000,5,0,5
U2025,2025-10-01,Basic,99000,8,1,8
U2026,2025-05-01,Pro,249000,1,0,1
U2027,2025-08-01,Basic,99000,10,1,10
U2028,2025-12-01,Pro,249000,6,1,6
U2029,2025-12-01,Business,599000,6,1,6
U2030,2025-11-01,Basic,99000,7,1,7
U2031,2025-08-01,Pro,249000,10,1,10
U2032,2025-05-01,Basic,99000,4,0,4
U2033,2025-09-01,Business,599000,2,0,2
U2034,2025-02-01,Pro,249000,7,0,7
U2035,2025-10-01,Pro,249000,8,1,8
U2036,2025-09-01,Pro,249000,7,0,7
U2037,2025-08-01,Basic,99000,10,1,10
U2038,2025-09-01,Basic,99000,1,0,1
U2039,2025-10-01,Basic,99000,8,1,8
U2040,2025-03-01,Basic,99000,13,0,13
U2041,2025-02-01,Business,599000,3,0,3
U2042,2025-01-01,Pro,249000,17,1,17
U2043,2025-04-01,Basic,99000,3,0,3
U2044,2025-12-01,Pro,249000,6,0,6
U2045,2025-05-01,Basic,99000,5,0,5
U2046,2025-02-01,Basic,99000,14,0,14
U2047,2025-12-01,Business,599000,6,1,6
U2048,2025-08-01,Pro,249000,1,0,1
U2049,2025-04-01,Basic,99000,4,0,4
U2050,2025-02-01,Pro,249000,4,0,4
U2051,2025-03-01,Basic,99000,15,0,15
U2052,2025-09-01,Basic,99000,4,0,4
U2053,2025-08-01,Basic,99000,10,1,10
U2054,2025-09-01,Basic,99000,5,0,5
U2055,2025-11-01,Basic,99000,7,1,7
U2056,2025-11-01,Pro,249000,7,1,7
U2057,2025-10-01,Business,599000,8,1,8
U2058,2025-12-01,Basic,99000,1,0,1
U2059,2025-10-01,Business,599000,8,1,8
U2060,2025-06-01,Pro,249000,3,0,3
U2061,2025-01-01,Pro,249000,1,0,1
U2062,2025-07-01,Basic,99000,11,1,11
U2063,2025-10-01,Pro,249000,4,0,4
U2064,2025-12-01,Basic,99000,5,0,5
U2065,2025-03-01,Pro,249000,15,1,15
U2066,2025-04-01,Business,599000,14,1,14
U2067,2025-12-01,Basic,99000,1,0,1
U2068,2025-06-01,Business,599000,12,1,12
U2069,2025-07-01,Basic,99000,11,1,11
U2070,2025-06-01,Basic,99000,9,0,9
U2071,2025-01-01,Basic,99000,14,0,14
U2072,2025-05-01,Basic,99000,1,0,1
U2073,2025-09-01,Pro,249000,9,1,9
U2074,2025-02-01,Pro,249000,16,1,16
U2075,2025-10-01,Pro,249000,3,0,3
U2076,2025-07-01,Basic,99000,11,0,11
U2077,2025-05-01,Pro,249000,13,1,13
U2078,2025-08-01,Basic,99000,10,1,10
U2079,2025-11-01,Basic,99000,1,0,1
U2080,2025-05-01,Basic,99000,10,0,10
U2081,2025-10-01,Basic,99000,8,1,8
U2082,2025-12-01,Basic,99000,6,1,6
U2083,2025-06-01,Basic,99000,3,0,3
U2084,2025-09-01,Basic,99000,9,1,9
U2085,2025-05-01,Basic,99000,13,1,13
U2086,2025-05-01,Basic,99000,1,0,1
U2087,2025-08-01,Business,599000,10,1,10
U2088,2025-12-01,Pro,249000,6,1,6
U2089,2025-12-01,Basic,99000,6,1,6
U2090,2025-07-01,Basic,99000,11,1,11
U2091,2025-12-01,Business,599000,6,1,6
U2092,2025-04-01,Basic,99000,9,0,9
U2093,2025-08-01,Pro,249000,10,1,10
U2094,2025-12-01,Business,599000,6,1,6
U2095,2025-05-01,Business,599000,13,1,13
U2096,2025-03-01,Business,599000,4,0,4
U2097,2025-04-01,Pro,249000,7,0,7
U2098,2025-02-01,Pro,249000,4,0,4
U2099,2025-07-01,Basic,99000,11,1,11
U2100,2025-12-01,Basic,99000,2,0,2
U2101,2025-12-01,Basic,99000,6,1,6
U2102,2025-12-01,Pro,249000,6,1,6
U2103,2025-08-01,Business,599000,10,1,10
U2104,2025-09-01,Pro,249000,9,1,9
U2105,2025-03-01,Basic,99000,1,0,1
U2106,2025-10-01,Pro,249000,8,1,8
U2107,2025-09-01,Basic,99000,9,1,9
U2108,2025-05-01,Basic,99000,1,0,1
U2109,2025-12-01,Pro,249000,6,1,6
U2110,2025-11-01,Basic,99000,3,0,3
U2111,2025-06-01,Basic,99000,2,0,2
U2112,2025-10-01,Pro,249000,8,1,8
U2113,2025-12-01,Basic,99000,1,0,1
U2114,2025-05-01,Basic,99000,3,0,3
U2115,2025-06-01,Basic,99000,5,0,5
U2116,2025-07-01,Basic,99000,6,0,6
U2117,2025-05-01,Basic,99000,11,0,11
U2118,2025-10-01,Business,599000,6,0,6
U2119,2025-07-01,Basic,99000,11,1,11
U2120,2025-04-01,Basic,99000,2,0,2
U2121,2025-05-01,Basic,99000,7,0,7
U2122,2025-05-01,Pro,249000,13,1,13
U2123,2025-12-01,Business,599000,3,0,3
U2124,2025-12-01,Basic,99000,1,0,1
U2125,2025-11-01,Pro,249000,1,0,1
U2126,2025-07-01,Basic,99000,1,0,1
U2127,2025-11-01,Basic,99000,7,1,7
U2128,2025-06-01,Basic,99000,12,1,12
U2129,2025-05-01,Basic,99000,12,0,12
U2130,2025-04-01,Basic,99000,14,1,14
U2131,2025-03-01,Pro,249000,1,0,1
U2132,2025-10-01,Business,599000,8,1,8
U2133,2025-03-01,Basic,99000,4,0,4
U2134,2025-11-01,Pro,249000,7,1,7
U2135,2025-12-01,Basic,99000,1,0,1
U2136,2025-07-01,Basic,99000,7,0,7
U2137,2025-09-01,Business,599000,9,1,9
U2138,2025-05-01,Basic,99000,9,0,9
U2139,2025-09-01,Business,599000,9,1,9
U2140,2025-04-01,Business,599000,14,1,14
U2141,2025-12-01,Business,599000,6,1,6
U2142,2025-01-01,Basic,99000,7,0,7
U2143,2025-07-01,Basic,99000,2,0,2
U2144,2025-07-01,Business,599000,2,0,2
U2145,2025-04-01,Business,599000,14,1,14
U2146,2025-03-01,Basic,99000,4,0,4
U2147,2025-12-01,Basic,99000,2,0,2
U2148,2025-11-01,Pro,249000,5,0,5
U2149,2025-12-01,Pro,249000,6,1,6
U2150,2025-04-01,Pro,249000,1,0,1
U2151,2025-10-01,Basic,99000,2,0,2
U2152,2025-08-01,Business,599000,10,1,10
U2153,2025-09-01,Basic,99000,4,0,4
U2154,2025-04-01,Pro,249000,13,0,13
U2155,2025-07-01,Basic,99000,6,0,6
U2156,2025-01-01,Pro,249000,3,0,3
U2157,2025-05-01,Business,599000,13,1,13
U2158,2025-04-01,Pro,249000,9,0,9
U2159,2025-02-01,Business,599000,16,1,16
U2160,2025-01-01,Basic,99000,16,0,16
U2161,2025-11-01,Business,599000,7,1,7
U2162,2025-09-01,Business,599000,4,0,4
U2163,2025-01-01,Basic,99000,5,0,5
U2164,2025-09-01,Basic,99000,9,1,9
U2165,2025-05-01,Basic,99000,1,0,1
U2166,2025-03-01,Basic,99000,9,0,9
U2167,2025-06-01,Pro,249000,12,1,12
U2168,2025-08-01,Basic,99000,1,0,1
U2169,2025-10-01,Basic,99000,4,0,4
U2170,2025-03-01,Pro,249000,4,0,4
U2171,2025-04-01,Pro,249000,14,1,14
U2172,2025-08-01,Business,599000,10,0,10
U2173,2025-02-01,Pro,249000,16,1,16
U2174,2025-03-01,Basic,99000,1,0,1
U2175,2025-11-01,Business,599000,7,1,7
U2176,2025-08-01,Basic,99000,1,0,1
U2177,2025-08-01,Basic,99000,10,1,10
U2178,2025-12-01,Basic,99000,6,1,6
U2179,2025-10-01,Basic,99000,7,0,7
U2180,2025-10-01,Basic,99000,8,1,8
U2181,2025-04-01,Pro,249000,3,0,3
U2182,2025-03-01,Business,599000,15,1,15
U2183,2025-03-01,Business,599000,15,1,15
U2184,2025-06-01,Basic,99000,9,0,9
U2185,2025-10-01,Basic,99000,8,1,8
U2186,2025-02-01,Basic,99000,16,1,16
U2187,2025-02-01,Basic,99000,4,0,4
U2188,2025-12-01,Basic,99000,6,1,6
U2189,2025-08-01,Basic,99000,9,0,9
U2190,2025-12-01,Basic,99000,4,0,4
U2191,2025-12-01,Basic,99000,4,0,4
U2192,2025-08-01,Basic,99000,10,0,10
U2193,2025-08-01,Pro,249000,10,1,10
U2194,2025-06-01,Pro,249000,12,1,12
U2195,2025-11-01,Basic,99000,7,1,7
U2196,2025-05-01,Basic,99000,4,0,4
U2197,2025-08-01,Business,599000,10,1,10
U2198,2025-05-01,Business,599000,13,1,13
U2199,2025-12-01,Basic,99000,3,0,3
U2200,2025-08-01,Pro,249000,10,1,10
U2201,2025-02-01,Basic,99000,9,0,9
U2202,2025-11-01,Basic,99000,7,1,7
U2203,2025-12-01,Pro,249000,6,1,6
U2204,2025-07-01,Basic,99000,1,0,1
U2205,2025-12-01,Basic,99000,6,1,6
U2206,2025-04-01,Basic,99000,1,0,1
U2207,2025-05-01,Pro,249000,3,0,3
U2208,2025-11-01,Basic,99000,7,1,7
U2209,2025-02-01,Basic,99000,3,0,3
U2210,2025-10-01,Basic,99000,4,0,4
U2211,2025-06-01,Basic,99000,8,0,8
U2212,2025-07-01,Business,599000,11,1,11
U2213,2025-03-01,Basic,99000,7,0,7
U2214,2025-09-01,Business,599000,9,1,9
U2215,2025-11-01,Basic,99000,7,1,7
U2216,2025-12-01,Pro,249000,6,1,6
U2217,2025-12-01,Pro,249000,6,1,6
U2218,2025-02-01,Basic,99000,16,1,16
U2219,2025-12-01,Business,599000,6,1,6
U2220,2025-07-01,Basic,99000,5,0,5
U2221,2025-07-01,Pro,249000,11,1,11
U2222,2025-08-01,Pro,249000,10,1,10
U2223,2025-01-01,Pro,249000,17,1,17
U2224,2025-08-01,Basic,99000,10,1,10
U2225,2025-04-01,Basic,99000,14,1,14
U2226,2025-01-01,Basic,99000,3,0,3
U2227,2025-05-01,Basic,99000,13,1,13
U2228,2025-12-01,Pro,249000,6,1,6
U2229,2025-06-01,Pro,249000,12,1,12
U2230,2025-03-01,Basic,99000,7,0,7
U2231,2025-09-01,Pro,249000,9,1,9
U2232,2025-08-01,Basic,99000,10,1,10
U2233,2025-08-01,Pro,249000,10,1,10
U2234,2025-08-01,Basic,99000,2,0,2
U2235,2025-01-01,Basic,99000,13,0,13
U2236,2025-04-01,Pro,249000,14,1,14
U2237,2025-06-01,Pro,249000,7,0,7
U2238,2025-10-01,Basic,99000,8,1,8
U2239,2025-09-01,Basic,99000,6,0,6
U2240,2025-05-01,Basic,99000,7,0,7
U2241,2025-12-01,Pro,249000,6,1,6
U2242,2025-07-01,Basic,99000,2,0,2
U2243,2025-11-01,Basic,99000,7,1,7
U2244,2025-11-01,Basic,99000,7,1,7
U2245,2025-10-01,Basic,99000,8,1,8
U2246,2025-10-01,Pro,249000,1,0,1
U2247,2025-03-01,Basic,99000,2,0,2
U2248,2025-03-01,Business,599000,15,1,15
U2249,2025-11-01,Business,599000,6,0,6
U2250,2025-09-01,Pro,249000,9,1,9
U2251,2025-10-01,Basic,99000,5,0,5
U2252,2025-08-01,Basic,99000,10,1,10
U2253,2025-02-01,Basic,99000,11,0,11
U2254,2025-03-01,Basic,99000,1,0,1
U2255,2025-10-01,Business,599000,8,1,8
U2256,2025-03-01,Business,599000,15,1,15
U2257,2025-12-01,Basic,99000,6,1,6
U2258,2025-11-01,Pro,249000,7,1,7
U2259,2025-06-01,Basic,99000,1,0,1
U2260,2025-09-01,Basic,99000,9,1,9
U2261,2025-04-01,Basic,99000,12,0,12
U2262,2025-11-01,Basic,99000,7,1,7
U2263,2025-07-01,Pro,249000,6,0,6
U2264,2025-06-01,Business,599000,12,1,12
U2265,2025-02-01,Business,599000,16,1,16
U2266,2025-10-01,Business,599000,8,1,8
U2267,2025-09-01,Basic,99000,5,0,5
U2268,2025-11-01,Basic,99000,7,1,7
U2269,2025-09-01,Pro,249000,9,1,9
U2270,2025-12-01,Pro,249000,3,0,3
U2271,2025-08-01,Basic,99000,2,0,2
U2272,2025-08-01,Basic,99000,10,1,10
U2273,2025-12-01,Pro,249000,6,1,6
U2274,2025-04-01,Pro,249000,14,1,14
U2275,2025-05-01,Basic,99000,6,0,6
U2276,2025-01-01,Basic,99000,8,0,8
U2277,2025-06-01,Pro,249000,12,1,12
U2278,2025-10-01,Business,599000,3,0,3
U2279,2025-09-01,Pro,249000,4,0,4
U2280,2025-09-01,Basic,99000,1,0,1
U2281,2025-06-01,Basic,99000,10,0,10
U2282,2025-06-01,Business,599000,12,1,12
U2283,2025-03-01,Basic,99000,1,0,1
U2284,2025-10-01,Basic,99000,8,1,8
U2285,2025-01-01,Business,599000,17,1,17
U2286,2025-06-01,Business,599000,12,1,12
U2287,2025-01-01,Basic,99000,11,0,11
U2288,2025-02-01,Basic,99000,7,0,7
U2289,2025-11-01,Pro,249000,7,1,7
U2290,2025-03-01,Pro,249000,15,1,15
U2291,2025-03-01,Basic,99000,1,0,1
U2292,2025-06-01,Business,599000,1,0,1
U2293,2025-08-01,Basic,99000,1,0,1
U2294,2025-07-01,Pro,249000,8,0,8
U2295,2025-05-01,Pro,249000,13,1,13
U2296,2025-11-01,Basic,99000,7,0,7
U2297,2025-11-01,Basic,99000,7,1,7
U2298,2025-11-01,Pro,249000,7,1,7
U2299,2025-08-01,Basic,99000,10,1,10
U2300,2025-10-01,Basic,99000,8,1,8
U2301,2025-07-01,Basic,99000,1,0,1
U2302,2025-10-01,Basic,99000,1,0,1
U2303,2025-08-01,Business,599000,9,0,9
U2304,2025-08-01,Pro,249000,10,1,10
U2305,2025-07-01,Basic,99000,1,0,1
U2306,2025-05-01,Basic,99000,8,0,8
U2307,2025-09-01,Basic,99000,9,1,9
U2308,2025-12-01,Pro,249000,1,0,1
U2309,2025-04-01,Pro,249000,14,1,14
U2310,2025-09-01,Basic,99000,9,1,9
U2311,2025-06-01,Pro,249000,5,0,5
U2312,2025-07-01,Pro,249000,11,1,11
U2313,2025-04-01,Basic,99000,14,1,14
U2314,2025-06-01,Basic,99000,1,0,1
U2315,2025-12-01,Basic,99000,1,0,1
U2316,2025-04-01,Business,599000,1,0,1
U2317,2025-09-01,Basic,99000,1,0,1
U2318,2025-03-01,Basic,99000,9,0,9
U2319,2025-06-01,Basic,99000,12,1,12
U2320,2025-10-01,Basic,99000,8,1,8
U2321,2025-05-01,Basic,99000,13,0,13
U2322,2025-05-01,Business,599000,13,1,13
U2323,2025-05-01,Basic,99000,1,0,1
U2324,2025-04-01,Basic,99000,7,0,7
U2325,2025-09-01,Basic,99000,6,0,6
U2326,2025-10-01,Pro,249000,8,0,8
U2327,2025-10-01,Basic,99000,2,0,2
U2328,2025-07-01,Basic,99000,11,1,11
U2329,2025-07-01,Basic,99000,1,0,1
U2330,2025-04-01,Basic,99000,12,0,12
U2331,2025-12-01,Business,599000,5,0,5
U2332,2025-12-01,Pro,249000,6,1,6
U2333,2025-05-01,Basic,99000,10,0,10
U2334,2025-12-01,Pro,249000,1,0,1
U2335,2025-02-01,Pro,249000,10,0,10
U2336,2025-11-01,Pro,249000,7,1,7
U2337,2025-04-01,Pro,249000,14,1,14
U2338,2025-07-01,Basic,99000,11,1,11
U2339,2025-09-01,Pro,249000,1,0,1
U2340,2025-02-01,Basic,99000,3,0,3
U2341,2025-12-01,Pro,249000,6,1,6
U2342,2025-05-01,Basic,99000,10,0,10
U2343,2025-09-01,Basic,99000,9,1,9
U2344,2025-10-01,Pro,249000,2,0,2
U2345,2025-12-01,Basic,99000,5,0,5
U2346,2025-10-01,Pro,249000,8,1,8
U2347,2025-09-01,Pro,249000,9,1,9
U2348,2025-10-01,Basic,99000,2,0,2
U2349,2025-10-01,Basic,99000,8,1,8
U2350,2025-11-01,Pro,249000,7,1,7
U2351,2025-03-01,Pro,249000,9,0,9
U2352,2025-06-01,Basic,99000,1,0,1
U2353,2025-08-01,Pro,249000,10,1,10
U2354,2025-09-01,Pro,249000,1,0,1
U2355,2025-03-01,Basic,99000,3,0,3
U2356,2025-01-01,Basic,99000,1,0,1
U2357,2025-11-01,Pro,249000,3,0,3
U2358,2025-03-01,Pro,249000,15,1,15
U2359,2025-07-01,Basic,99000,11,1,11
U2360,2025-07-01,Basic,99000,4,0,4
U2361,2025-12-01,Basic,99000,5,0,5
U2362,2025-12-01,Basic,99000,4,0,4
U2363,2025-06-01,Pro,249000,12,1,12
U2364,2025-09-01,Pro,249000,9,1,9
U2365,2025-06-01,Business,599000,9,0,9
U2366,2025-03-01,Pro,249000,8,0,8
U2367,2025-08-01,Pro,249000,10,1,10
U2368,2025-10-01,Basic,99000,1,0,1
U2369,2025-07-01,Business,599000,1,0,1
U2370,2025-10-01,Basic,99000,8,1,8
U2371,2025-05-01,Pro,249000,4,0,4
U2372,2025-06-01,Pro,249000,4,0,4
U2373,2025-03-01,Basic,99000,10,0,10
U2374,2025-08-01,Basic,99000,6,0,6
U2375,2025-10-01,Basic,99000,8,1,8
U2376,2025-04-01,Pro,249000,8,0,8
U2377,2025-10-01,Pro,249000,8,1,8
U2378,2025-03-01,Pro,249000,10,0,10
U2379,2025-08-01,Basic,99000,10,0,10
U2380,2025-07-01,Basic,99000,1,0,1
U2381,2025-05-01,Basic,99000,5,0,5
U2382,2025-11-01,Basic,99000,7,1,7
U2383,2025-06-01,Basic,99000,1,0,1
U2384,2025-12-01,Basic,99000,6,0,6
U2385,2025-11-01,Basic,99000,7,1,7
U2386,2025-12-01,Business,599000,4,0,4
U2387,2025-06-01,Basic,99000,12,0,12
U2388,2025-02-01,Basic,99000,8,0,8
U2389,2025-01-01,Basic,99000,16,0,16
U2390,2025-11-01,Pro,249000,7,1,7
U2391,2025-07-01,Basic,99000,2,0,2
U2392,2025-10-01,Pro,249000,8,1,8
U2393,2025-03-01,Basic,99000,5,0,5
U2394,2025-08-01,Basic,99000,10,1,10
U2395,2025-12-01,Business,599000,6,1,6
U2396,2025-12-01,Business,599000,6,1,6
U2397,2025-06-01,Basic,99000,11,0,11
U2398,2025-01-01,Pro,249000,13,0,13
U2399,2025-01-01,Basic,99000,1,0,1
U2400,2025-08-01,Pro,249000,1,0,1
U2401,2025-10-01,Basic,99000,8,0,8
U2402,2025-11-01,Basic,99000,5,0,5
U2403,2025-12-01,Business,599000,6,1,6
U2404,2025-10-01,Pro,249000,8,1,8
U2405,2025-09-01,Basic,99000,9,1,9
U2406,2025-06-01,Pro,249000,12,1,12
U2407,2025-08-01,Pro,249000,10,1,10
U2408,2025-08-01,Pro,249000,10,1,10
U2409,2025-07-01,Business,599000,2,0,2
U2410,2025-08-01,Basic,99000,1,0,1
U2411,2025-09-01,Basic,99000,9,1,9
U2412,2025-12-01,Pro,249000,6,1,6
U2413,2025-03-01,Pro,249000,9,0,9
U2414,2025-05-01,Business,599000,5,0,5
U2415,2025-02-01,Basic,99000,10,0,10
U2416,2025-09-01,Business,599000,9,1,9
U2417,2025-02-01,Basic,99000,4,0,4
U2418,2025-11-01,Basic,99000,7,1,7
U2419,2025-05-01,Basic,99000,13,1,13
U2420,2025-07-01,Basic,99000,3,0,3
U2421,2025-08-01,Pro,249000,6,0,6
U2422,2025-10-01,Basic,99000,4,0,4
U2423,2025-08-01,Basic,99000,10,1,10
U2424,2025-06-01,Basic,99000,11,0,11
U2425,2025-09-01,Pro,249000,2,0,2
U2426,2025-08-01,Pro,249000,10,0,10
U2427,2025-06-01,Pro,249000,12,1,12
U2428,2025-11-01,Business,599000,7,1,7
U2429,2025-04-01,Basic,99000,14,1,14
U2430,2025-02-01,Business,599000,16,1,16
U2431,2025-03-01,Business,599000,15,1,15
U2432,2025-11-01,Basic,99000,4,0,4
U2433,2025-01-01,Pro,249000,11,0,11
U2434,2025-10-01,Basic,99000,8,1,8
U2435,2025-08-01,Business,599000,10,1,10
U2436,2025-07-01,Pro,249000,11,1,11
U2437,2025-04-01,Basic,99000,14,1,14
U2438,2025-10-01,Business,599000,8,1,8
U2439,2025-12-01,Basic,99000,3,0,3
U2440,2025-01-01,Pro,249000,7,0,7
U2441,2025-10-01,Basic,99000,4,0,4
U2442,2025-09-01,Basic,99000,1,0,1
U2443,2025-11-01,Pro,249000,6,0,6
U2444,2025-11-01,Pro,249000,3,0,3
U2445,2025-09-01,Basic,99000,9,1,9
U2446,2025-09-01,Basic,99000,3,0,3
U2447,2025-04-01,Business,599000,3,0,3
U2448,2025-11-01,Pro,249000,7,1,7
U2449,2025-10-01,Basic,99000,8,1,8
U2450,2025-07-01,Pro,249000,11,1,11
U2451,2025-07-01,Business,599000,11,1,11
U2452,2025-08-01,Basic,99000,4,0,4
U2453,2025-01-01,Basic,99000,17,1,17
U2454,2025-09-01,Pro,249000,9,1,9
U2455,2025-05-01,Pro,249000,13,1,13
U2456,2025-01-01,Basic,99000,17,1,17
U2457,2025-08-01,Basic,99000,1,0,1
U2458,2025-11-01,Basic,99000,2,0,2
U2459,2025-10-01,Basic,99000,6,0,6
U2460,2025-04-01,Business,599000,14,1,14
U2461,2025-06-01,Basic,99000,12,1,12
U2462,2025-10-01,Basic,99000,4,0,4
U2463,2025-03-01,Basic,99000,2,0,2
U2464,2025-08-01,Business,599000,10,1,10
U2465,2025-02-01,Pro,249000,13,0,13
U2466,2025-01-01,Business,599000,17,1,17
U2467,2025-09-01,Business,599000,9,1,9
U2468,2025-04-01,Pro,249000,3,0,3
U2469,2025-10-01,Pro,249000,8,1,8
U2470,2025-10-01,Basic,99000,8,1,8
U2471,2025-09-01,Basic,99000,9,1,9
U2472,2025-11-01,Pro,249000,7,1,7
U2473,2025-10-01,Pro,249000,8,1,8
U2474,2025-05-01,Pro,249000,13,1,13
U2475,2025-10-01,Basic,99000,8,0,8
U2476,2025-12-01,Basic,99000,6,1,6
U2477,2025-11-01,Basic,99000,7,1,7
U2478,2025-08-01,Business,599000,10,1,10
U2479,2025-10-01,Business,599000,8,1,8
U2480,2025-11-01,Basic,99000,7,1,7
U2481,2025-08-01,Basic,99000,10,1,10
U2482,2025-08-01,Basic,99000,4,0,4
U2483,2025-01-01,Basic,99000,17,1,17
U2484,2025-03-01,Basic,99000,9,0,9
U2485,2025-09-01,Basic,99000,6,0,6
U2486,2025-05-01,Basic,99000,4,0,4
U2487,2025-11-01,Basic,99000,3,0,3
U2488,2025-10-01,Pro,249000,8,1,8
U2489,2025-12-01,Pro,249000,6,1,6
U2490,2025-10-01,Business,599000,7,0,7
U2491,2025-12-01,Basic,99000,6,1,6
U2492,2025-11-01,Pro,249000,7,1,7
U2493,2025-07-01,Basic,99000,9,0,9
U2494,2025-06-01,Pro,249000,2,0,2
U2495,2025-12-01,Business,599000,3,0,3
U2496,2025-06-01,Pro,249000,5,0,5
U2497,2025-08-01,Pro,249000,10,1,10
U2498,2025-03-01,Pro,249000,15,1,15
U2499,2025-03-01,Pro,249000,15,1,15
U2500,2025-08-01,Basic,99000,6,0,6
U2501,2025-04-01,Business,599000,6,0,6
U2502,2025-06-01,Basic,99000,11,0,11
U2503,2025-11-01,Basic,99000,6,0,6
U2504,2025-06-01,Pro,249000,12,1,12
U2505,2025-08-01,Basic,99000,8,0,8
U2506,2025-05-01,Pro,249000,5,0,5
U2507,2025-03-01,Basic,99000,13,0,13
U2508,2025-09-01,Basic,99000,9,1,9
U2509,2025-12-01,Business,599000,6,1,6
U2510,2025-12-01,Business,599000,6,1,6
U2511,2025-11-01,Pro,249000,7,1,7
U2512,2025-10-01,Pro,249000,1,0,1
U2513,2025-01-01,Pro,249000,4,0,4
U2514,2025-10-01,Basic,99000,8,0,8
U2515,2025-01-01,Business,599000,17,1,17
U2516,2025-08-01,Pro,249000,10,1,10
U2517,2025-08-01,Basic,99000,10,1,10
U2518,2025-10-01,Pro,249000,7,0,7
U2519,2025-10-01,Basic,99000,6,0,6
U2520,2025-12-01,Business,599000,6,1,6
U2521,2025-11-01,Basic,99000,7,1,7
U2522,2025-10-01,Basic,99000,8,1,8
U2523,2025-06-01,Pro,249000,8,0,8
U2524,2025-10-01,Basic,99000,8,1,8
U2525,2025-12-01,Basic,99000,2,0,2
U2526,2025-11-01,Pro,249000,7,1,7
U2527,2025-12-01,Pro,249000,6,1,6
U2528,2025-11-01,Business,599000,5,0,5
U2529,2025-01-01,Pro,249000,5,0,5
U2530,2025-07-01,Basic,99000,11,1,11
U2531,2025-12-01,Business,599000,6,1,6
U2532,2025-01-01,Pro,249000,17,1,17
U2533,2025-02-01,Pro,249000,16,1,16
U2534,2025-03-01,Basic,99000,6,0,6
U2535,2025-11-01,Pro,249000,7,1,7
U2536,2025-02-01,Pro,249000,16,1,16
U2537,2025-08-01,Basic,99000,10,1,10
U2538,2025-10-01,Basic,99000,5,0,5
U2539,2025-01-01,Basic,99000,2,0,2
U2540,2025-02-01,Basic,99000,3,0,3
U2541,2025-08-01,Pro,249000,2,0,2
U2542,2025-08-01,Basic,99000,9,0,9
U2543,2025-02-01,Basic,99000,3,0,3
U2544,2025-10-01,Pro,249000,8,1,8
U2545,2025-12-01,Basic,99000,6,1,6
U2546,2025-10-01,Basic,99000,8,1,8
U2547,2025-06-01,Basic,99000,8,0,8
U2548,2025-12-01,Basic,99000,1,0,1
U2549,2025-06-01,Basic,99000,7,0,7
U2550,2025-04-01,Basic,99000,1,0,1
U2551,2025-01-01,Business,599000,4,0,4
U2552,2025-12-01,Pro,249000,6,1,6
U2553,2025-09-01,Basic,99000,9,1,9
U2554,2025-07-01,Business,599000,7,0,7
U2555,2025-05-01,Basic,99000,13,1,13
U2556,2025-06-01,Pro,249000,12,0,12
U2557,2025-05-01,Basic,99000,6,0,6
U2558,2025-03-01,Pro,249000,1,0,1
U2559,2025-03-01,Basic,99000,15,1,15
U2560,2025-04-01,Pro,249000,14,1,14
U2561,2025-06-01,Basic,99000,12,1,12
U2562,2025-08-01,Pro,249000,10,1,10
U2563,2025-11-01,Basic,99000,6,0,6
U2564,2025-08-01,Basic,99000,3,0,3
U2565,2025-05-01,Pro,249000,13,1,13
U2566,2025-12-01,Basic,99000,6,1,6
U2567,2025-03-01,Pro,249000,9,0,9
U2568,2025-12-01,Pro,249000,6,0,6
U2569,2025-04-01,Basic,99000,7,0,7
U2570,2025-09-01,Basic,99000,3,0,3
U2571,2025-07-01,Pro,249000,4,0,4
U2572,2025-08-01,Basic,99000,10,1,10
U2573,2025-12-01,Pro,249000,3,0,3
U2574,2025-11-01,Basic,99000,7,1,7
U2575,2025-11-01,Basic,99000,7,1,7
U2576,2025-03-01,Basic,99000,15,0,15
U2577,2025-12-01,Basic,99000,6,1,6
U2578,2025-02-01,Basic,99000,3,0,3
U2579,2025-02-01,Basic,99000,16,1,16
U2580,2025-11-01,Business,599000,7,1,7
U2581,2025-04-01,Basic,99000,4,0,4
U2582,2025-01-01,Pro,249000,15,0,15
U2583,2025-04-01,Basic,99000,14,1,14
U2584,2025-11-01,Basic,99000,7,1,7
U2585,2025-02-01,Basic,99000,1,0,1
U2586,2025-01-01,Pro,249000,5,0,5
U2587,2025-04-01,Basic,99000,4,0,4
U2588,2025-07-01,Pro,249000,11,1,11
U2589,2025-11-01,Pro,249000,7,1,7
U2590,2025-12-01,Pro,249000,6,1,6
U2591,2025-03-01,Basic,99000,1,0,1
U2592,2025-07-01,Pro,249000,11,1,11
U2593,2025-04-01,Business,599000,14,1,14
U2594,2025-02-01,Business,599000,16,1,16
U2595,2025-11-01,Basic,99000,7,1,7
U2596,2025-10-01,Business,599000,8,1,8
U2597,2025-05-01,Basic,99000,13,1,13
U2598,2025-12-01,Pro,249000,6,1,6
U2599,2025-11-01,Pro,249000,7,1,7
U2600,2025-12-01,Business,599000,6,1,6
U2601,2025-03-01,Basic,99000,6,0,6
U2602,2025-05-01,Pro,249000,13,1,13
U2603,2025-07-01,Pro,249000,11,1,11
U2604,2025-04-01,Basic,99000,12,0,12
U2605,2025-10-01,Pro,249000,6,0,6
U2606,2025-05-01,Basic,99000,3,0,3
U2607,2025-06-01,Basic,99000,12,1,12
U2608,2025-11-01,Pro,249000,7,1,7
U2609,2025-04-01,Basic,99000,5,0,5
U2610,2025-11-01,Pro,249000,7,1,7
U2611,2025-07-01,Pro,249000,8,0,8
U2612,2025-04-01,Basic,99000,1,0,1
U2613,2025-08-01,Pro,249000,10,1,10
U2614,2025-07-01,Basic,99000,4,0,4
U2615,2025-12-01,Basic,99000,5,0,5
U2616,2025-09-01,Basic,99000,1,0,1
U2617,2025-07-01,Basic,99000,7,0,7
U2618,2025-02-01,Pro,249000,16,1,16
U2619,2025-08-01,Basic,99000,7,0,7
U2620,2025-03-01,Pro,249000,6,0,6
U2621,2025-04-01,Basic,99000,1,0,1
U2622,2025-09-01,Basic,99000,1,0,1
U2623,2025-11-01,Basic,99000,7,1,7
U2624,2025-09-01,Basic,99000,1,0,1
U2625,2025-10-01,Basic,99000,8,1,8
U2626,2025-12-01,Basic,99000,1,0,1
U2627,2025-02-01,Basic,99000,7,0,7
U2628,2025-10-01,Pro,249000,8,1,8
U2629,2025-05-01,Basic,99000,11,0,11
U2630,2025-05-01,Basic,99000,1,0,1
U2631,2025-10-01,Pro,249000,1,0,1
U2632,2025-02-01,Basic,99000,16,1,16
U2633,2025-12-01,Business,599000,6,1,6
U2634,2025-06-01,Basic,99000,1,0,1
U2635,2025-12-01,Basic,99000,6,1,6
U2636,2025-05-01,Basic,99000,5,0,5
U2637,2025-08-01,Basic,99000,10,1,10
U2638,2025-11-01,Pro,249000,7,1,7
U2639,2025-05-01,Basic,99000,13,1,13
U2640,2025-07-01,Business,599000,7,0,7
U2641,2025-08-01,Pro,249000,10,1,10
U2642,2025-08-01,Basic,99000,10,1,10
U2643,2025-10-01,Basic,99000,8,1,8
U2644,2025-04-01,Basic,99000,14,1,14
U2645,2025-08-01,Basic,99000,10,1,10
U2646,2025-11-01,Basic,99000,2,0,2
U2647,2025-08-01,Business,599000,1,0,1
U2648,2025-05-01,Basic,99000,1,0,1
U2649,2025-01-01,Basic,99000,12,0,12
U2650,2025-11-01,Basic,99000,1,0,1
U2651,2025-02-01,Basic,99000,11,0,11
U2652,2025-09-01,Pro,249000,9,1,9
U2653,2025-02-01,Pro,249000,16,1,16
U2654,2025-10-01,Basic,99000,4,0,4
U2655,2025-07-01,Basic,99000,2,0,2
U2656,2025-07-01,Basic,99000,11,1,11
U2657,2025-03-01,Business,599000,2,0,2
U2658,2025-07-01,Basic,99000,7,0,7
U2659,2025-11-01,Pro,249000,6,0,6
U2660,2025-05-01,Business,599000,13,1,13
U2661,2025-02-01,Basic,99000,2,0,2
U2662,2025-10-01,Basic,99000,8,1,8
U2663,2025-08-01,Basic,99000,6,0,6
U2664,2025-11-01,Pro,249000,7,1,7
U2665,2025-10-01,Business,599000,8,1,8
U2666,2025-11-01,Business,599000,4,0,4
U2667,2025-09-01,Basic,99000,9,1,9
U2668,2025-02-01,Basic,99000,2,0,2
U2669,2025-11-01,Basic,99000,7,0,7
U2670,2025-11-01,Business,599000,1,0,1
U2671,2025-09-01,Basic,99000,9,1,9
U2672,2025-08-01,Basic,99000,2,0,2
U2673,2025-10-01,Pro,249000,8,1,8
U2674,2025-12-01,Basic,99000,3,0,3
U2675,2025-12-01,Pro,249000,2,0,2
U2676,2025-04-01,Basic,99000,14,1,14
U2677,2025-04-01,Basic,99000,14,1,14
U2678,2025-04-01,Basic,99000,14,1,14
U2679,2025-12-01,Basic,99000,6,1,6
U2680,2025-03-01,Pro,249000,15,1,15
U2681,2025-12-01,Basic,99000,4,0,4
U2682,2025-08-01,Basic,99000,3,0,3
U2683,2025-02-01,Pro,249000,11,0,11
U2684,2025-08-01,Basic,99000,10,1,10
U2685,2025-06-01,Basic,99000,12,0,12
U2686,2025-06-01,Basic,99000,12,1,12
U2687,2025-08-01,Basic,99000,4,0,4
U2688,2025-07-01,Basic,99000,11,0,11
U2689,2025-08-01,Pro,249000,10,1,10
U2690,2025-07-01,Pro,249000,11,1,11
U2691,2025-12-01,Pro,249000,6,1,6
U2692,2025-01-01,Basic,99000,11,0,11
U2693,2025-06-01,Pro,249000,10,0,10
U2694,2025-04-01,Basic,99000,3,0,3
U2695,2025-04-01,Pro,249000,14,1,14
U2696,2025-05-01,Basic,99000,1,0,1
U2697,2025-01-01,Business,599000,17,1,17
U2698,2025-01-01,Basic,99000,1,0,1
U2699,2025-05-01,Basic,99000,9,0,9
U2700,2025-08-01,Pro,249000,6,0,6
U2701,2025-11-01,Basic,99000,5,0,5
U2702,2025-12-01,Basic,99000,6,1,6
U2703,2025-07-01,Business,599000,4,0,4
U2704,2025-04-01,Basic,99000,7,0,7
U2705,2025-05-01,Pro,249000,12,0,12
U2706,2025-08-01,Pro,249000,10,1,10
U2707,2025-11-01,Business,599000,7,1,7
U2708,2025-04-01,Basic,99000,2,0,2
U2709,2025-11-01,Pro,249000,7,1,7
U2710,2025-06-01,Basic,99000,2,0,2
U2711,2025-02-01,Basic,99000,12,0,12
U2712,2025-07-01,Pro,249000,1,0,1
U2713,2025-03-01,Basic,99000,3,0,3
U2714,2025-10-01,Basic,99000,8,1,8
U2715,2025-01-01,Pro,249000,8,0,8
U2716,2025-10-01,Basic,99000,6,0,6
U2717,2025-07-01,Business,599000,11,1,11
U2718,2025-12-01,Business,599000,6,1,6
U2719,2025-12-01,Basic,99000,6,1,6
U2720,2025-09-01,Basic,99000,9,1,9
U2721,2025-05-01,Basic,99000,13,1,13
U2722,2025-05-01,Basic,99000,3,0,3
U2723,2025-11-01,Pro,249000,4,0,4
U2724,2025-08-01,Pro,249000,10,1,10
U2725,2025-03-01,Pro,249000,15,1,15
U2726,2025-09-01,Pro,249000,9,1,9
U2727,2025-06-01,Basic,99000,12,1,12
U2728,2025-09-01,Pro,249000,9,1,9
U2729,2025-10-01,Pro,249000,8,1,8
U2730,2025-12-01,Basic,99000,1,0,1
U2731,2025-05-01,Pro,249000,13,1,13
U2732,2025-06-01,Business,599000,12,1,12
U2733,2025-03-01,Basic,99000,9,0,9
U2734,2025-01-01,Pro,249000,15,0,15
U2735,2025-05-01,Basic,99000,4,0,4
U2736,2025-07-01,Pro,249000,11,1,11
U2737,2025-10-01,Basic,99000,7,0,7
U2738,2025-09-01,Basic,99000,1,0,1
U2739,2025-10-01,Basic,99000,8,1,8
U2740,2025-06-01,Business,599000,12,1,12
U2741,2025-11-01,Basic,99000,7,0,7
U2742,2025-09-01,Pro,249000,1,0,1
U2743,2025-02-01,Pro,249000,12,0,12
U2744,2025-11-01,Pro,249000,7,1,7
U2745,2025-08-01,Basic,99000,10,1,10
U2746,2025-10-01,Basic,99000,8,1,8
U2747,2025-08-01,Pro,249000,10,1,10
U2748,2025-10-01,Basic,99000,8,1,8
U2749,2025-02-01,Basic,99000,1,0,1
U2750,2025-03-01,Business,599000,4,0,4
U2751,2025-10-01,Basic,99000,8,0,8
U2752,2025-04-01,Pro,249000,14,1,14
U2753,2025-04-01,Basic,99000,6,0,6
U2754,2025-12-01,Basic,99000,6,1,6
U2755,2025-07-01,Basic,99000,11,1,11
U2756,2025-02-01,Pro,249000,16,1,16
U2757,2025-12-01,Basic,99000,3,0,3
U2758,2025-06-01,Basic,99000,8,0,8
U2759,2025-09-01,Basic,99000,3,0,3
U2760,2025-05-01,Basic,99000,3,0,3
U2761,2025-12-01,Basic,99000,6,1,6
U2762,2025-05-01,Pro,249000,13,1,13
U2763,2025-01-01,Basic,99000,17,1,17
U2764,2025-09-01,Business,599000,9,1,9
U2765,2025-05-01,Pro,249000,6,0,6
U2766,2025-07-01,Basic,99000,1,0,1
U2767,2025-12-01,Basic,99000,6,1,6
U2768,2025-06-01,Basic,99000,12,1,12
U2769,2025-12-01,Basic,99000,4,0,4
U2770,2025-08-01,Basic,99000,2,0,2
U2771,2025-12-01,Basic,99000,6,1,6
U2772,2025-03-01,Basic,99000,2,0,2
U2773,2025-09-01,Pro,249000,9,1,9
U2774,2025-03-01,Basic,99000,11,0,11
U2775,2025-11-01,Pro,249000,7,1,7
U2776,2025-05-01,Pro,249000,13,1,13
U2777,2025-03-01,Basic,99000,15,1,15
U2778,2025-08-01,Pro,249000,5,0,5
U2779,2025-12-01,Basic,99000,4,0,4
U2780,2025-02-01,Business,599000,16,1,16
U2781,2025-07-01,Business,599000,11,1,11
U2782,2025-05-01,Pro,249000,13,1,13
U2783,2025-09-01,Pro,249000,7,0,7
U2784,2025-11-01,Basic,99000,7,1,7
U2785,2025-01-01,Pro,249000,17,1,17
U2786,2025-02-01,Basic,99000,2,0,2
U2787,2025-03-01,Pro,249000,10,0,10
U2788,2025-06-01,Basic,99000,12,1,12
U2789,2025-07-01,Basic,99000,6,0,6
U2790,2025-07-01,Basic,99000,11,1,11
U2791,2025-03-01,Pro,249000,10,0,10
U2792,2025-10-01,Pro,249000,8,1,8
U2793,2025-02-01,Basic,99000,5,0,5
U2794,2025-11-01,Business,599000,5,0,5
U2795,2025-02-01,Basic,99000,1,0,1
U2796,2025-08-01,Business,599000,10,1,10
U2797,2025-05-01,Pro,249000,13,1,13
U2798,2025-08-01,Basic,99000,8,0,8
U2799,2025-12-01,Basic,99000,6,1,6
U2800,2025-04-01,Basic,99000,1,0,1
U2801,2025-12-01,Basic,99000,2,0,2
U2802,2025-12-01,Basic,99000,2,0,2
U2803,2025-10-01,Basic,99000,6,0,6
U2804,2025-10-01,Pro,249000,6,0,6
U2805,2025-07-01,Basic,99000,2,0,2
U2806,2025-08-01,Basic,99000,10,1,10
U2807,2025-02-01,Business,599000,16,1,16
U2808,2025-05-01,Business,599000,13,1,13
U2809,2025-05-01,Pro,249000,13,1,13
U2810,2025-04-01,Basic,99000,8,0,8
U2811,2025-11-01,Basic,99000,7,1,7
U2812,2025-12-01,Pro,249000,6,1,6
U2813,2025-10-01,Pro,249000,8,1,8
U2814,2025-02-01,Basic,99000,1,0,1
U2815,2025-09-01,Basic,99000,9,1,9
U2816,2025-12-01,Pro,249000,6,1,6
U2817,2025-04-01,Basic,99000,8,0,8
U2818,2025-01-01,Pro,249000,1,0,1
U2819,2025-08-01,Pro,249000,10,1,10
U2820,2025-07-01,Business,599000,11,1,11
U2821,2025-09-01,Basic,99000,5,0,5
U2822,2025-12-01,Pro,249000,6,1,6
U2823,2025-01-01,Pro,249000,17,1,17
U2824,2025-06-01,Business,599000,12,1,12
U2825,2025-11-01,Basic,99000,1,0,1
U2826,2025-01-01,Basic,99000,3,0,3
U2827,2025-03-01,Basic,99000,15,1,15
U2828,2025-11-01,Basic,99000,7,1,7
U2829,2025-02-01,Basic,99000,16,1,16
U2830,2025-12-01,Pro,249000,6,1,6
U2831,2025-02-01,Basic,99000,16,1,16
U2832,2025-04-01,Pro,249000,14,1,14
U2833,2025-04-01,Business,599000,14,1,14
U2834,2025-05-01,Basic,99000,2,0,2
U2835,2025-10-01,Pro,249000,8,1,8
U2836,2025-03-01,Business,599000,15,1,15
U2837,2025-03-01,Basic,99000,15,1,15
U2838,2025-02-01,Business,599000,16,1,16
U2839,2025-12-01,Basic,99000,3,0,3
U2840,2025-01-01,Pro,249000,2,0,2
U2841,2025-02-01,Pro,249000,13,0,13
U2842,2025-11-01,Pro,249000,7,1,7
U2843,2025-02-01,Pro,249000,16,1,16
U2844,2025-06-01,Pro,249000,12,1,12
U2845,2025-11-01,Pro,249000,1,0,1
U2846,2025-05-01,Basic,99000,13,1,13
U2847,2025-12-01,Pro,249000,2,0,2
U2848,2025-10-01,Pro,249000,8,1,8
U2849,2025-05-01,Basic,99000,13,1,13
U2850,2025-03-01,Pro,249000,15,1,15
U2851,2025-09-01,Business,599000,2,0,2
U2852,2025-05-01,Basic,99000,4,0,4
U2853,2025-03-01,Pro,249000,1,0,1
U2854,2025-06-01,Basic,99000,6,0,6
U2855,2025-12-01,Basic,99000,6,1,6
U2856,2025-06-01,Basic,99000,12,1,12
U2857,2025-08-01,Basic,99000,4,0,4
U2858,2025-04-01,Basic,99000,14,1,14
U2859,2025-11-01,Pro,249000,7,1,7
U2860,2025-04-01,Pro,249000,14,1,14
U2861,2025-04-01,Basic,99000,3,0,3
U2862,2025-11-01,Basic,99000,7,1,7
U2863,2025-11-01,Pro,249000,7,1,7
U2864,2025-12-01,Business,599000,5,0,5
U2865,2025-05-01,Basic,99000,13,1,13
U2866,2025-12-01,Basic,99000,2,0,2
U2867,2025-06-01,Business,599000,12,1,12
U2868,2025-05-01,Basic,99000,9,0,9
U2869,2025-05-01,Pro,249000,13,1,13
U2870,2025-12-01,Basic,99000,5,0,5
U2871,2025-06-01,Business,599000,12,1,12
U2872,2025-09-01,Basic,99000,9,1,9
U2873,2025-12-01,Basic,99000,3,0,3
U2874,2025-11-01,Basic,99000,7,1,7
U2875,2025-03-01,Pro,249000,6,0,6
U2876,2025-11-01,Basic,99000,7,0,7
U2877,2025-09-01,Basic,99000,4,0,4
U2878,2025-01-01,Pro,249000,17,1,17
U2879,2025-10-01,Basic,99000,8,1,8
U2880,2025-12-01,Business,599000,6,1,6
U2881,2025-07-01,Basic,99000,8,0,8
U2882,2025-08-01,Business,599000,10,1,10
U2883,2025-08-01,Basic,99000,4,0,4
U2884,2025-01-01,Basic,99000,7,0,7
U2885,2025-11-01,Basic,99000,7,1,7
U2886,2025-10-01,Pro,249000,8,1,8
U2887,2025-06-01,Basic,99000,7,0,7
U2888,2025-04-01,Business,599000,14,1,14
U2889,2025-04-01,Basic,99000,4,0,4
U2890,2025-11-01,Business,599000,7,1,7
U2891,2025-12-01,Pro,249000,2,0,2
U2892,2025-07-01,Basic,99000,5,0,5
U2893,2025-03-01,Basic,99000,12,0,12
U2894,2025-06-01,Business,599000,12,1,12
U2895,2025-07-01,Basic,99000,6,0,6
U2896,2025-12-01,Basic,99000,6,1,6
U2897,2025-01-01,Basic,99000,5,0,5
U2898,2025-08-01,Basic,99000,3,0,3
U2899,2025-09-01,Pro,249000,6,0,6
U2900,2025-11-01,Business,599000,5,0,5
U2901,2025-01-01,Business,599000,1,0,1
U2902,2025-09-01,Basic,99000,5,0,5
U2903,2025-03-01,Basic,99000,2,0,2
U2904,2025-09-01,Basic,99000,4,0,4
U2905,2025-12-01,Basic,99000,4,0,4
U2906,2025-07-01,Basic,99000,8,0,8
U2907,2025-06-01,Basic,99000,12,1,12
U2908,2025-03-01,Business,599000,3,0,3
U2909,2025-08-01,Basic,99000,1,0,1
U2910,2025-06-01,Pro,249000,1,0,1
U2911,2025-12-01,Pro,249000,6,1,6
U2912,2025-04-01,Basic,99000,2,0,2
U2913,2025-02-01,Business,599000,16,1,16
U2914,2025-07-01,Basic,99000,6,0,6
U2915,2025-12-01,Basic,99000,6,1,6
U2916,2025-05-01,Pro,249000,13,1,13
U2917,2025-04-01,Basic,99000,13,0,13
U2918,2025-07-01,Basic,99000,10,0,10
U2919,2025-06-01,Pro,249000,12,1,12
U2920,2025-03-01,Basic,99000,12,0,12
U2921,2025-06-01,Pro,249000,4,0,4
U2922,2025-01-01,Basic,99000,17,1,17
U2923,2025-05-01,Basic,99000,13,1,13
U2924,2025-05-01,Pro,249000,13,1,13
U2925,2025-03-01,Basic,99000,6,0,6
U2926,2025-05-01,Basic,99000,9,0,9
U2927,2025-07-01,Basic,99000,11,1,11
U2928,2025-11-01,Pro,249000,7,1,7
U2929,2025-09-01,Business,599000,9,1,9
U2930,2025-10-01,Pro,249000,8,1,8
U2931,2025-04-01,Basic,99000,14,1,14
U2932,2025-03-01,Pro,249000,15,1,15
U2933,2025-08-01,Business,599000,10,1,10
U2934,2025-05-01,Basic,99000,13,1,13
U2935,2025-01-01,Business,599000,17,1,17
U2936,2025-07-01,Basic,99000,11,1,11
U2937,2025-06-01,Pro,249000,2,0,2
U2938,2025-11-01,Pro,249000,7,1,7
U2939,2025-12-01,Basic,99000,6,1,6
U2940,2025-08-01,Pro,249000,10,1,10
U2941,2025-02-01,Business,599000,7,0,7
U2942,2025-03-01,Business,599000,7,0,7
U2943,2025-12-01,Basic,99000,6,1,6
U2944,2025-09-01,Pro,249000,9,1,9
U2945,2025-09-01,Business,599000,9,1,9
U2946,2025-01-01,Pro,249000,4,0,4
U2947,2025-08-01,Basic,99000,4,0,4
U2948,2025-08-01,Pro,249000,10,1,10
U2949,2025-08-01,Basic,99000,4,0,4
U2950,2025-11-01,Business,599000,7,1,7
U2951,2025-06-01,Basic,99000,6,0,6
U2952,2025-12-01,Pro,249000,6,1,6
U2953,2025-03-01,Basic,99000,15,1,15
U2954,2025-07-01,Basic,99000,1,0,1
U2955,2025-11-01,Pro,249000,7,1,7
U2956,2025-10-01,Basic,99000,8,1,8
U2957,2025-04-01,Pro,249000,4,0,4
U2958,2025-04-01,Basic,99000,9,0,9
U2959,2025-05-01,Pro,249000,1,0,1
U2960,2025-09-01,Pro,249000,9,1,9
U2961,2025-05-01,Business,599000,13,1,13
U2962,2025-09-01,Pro,249000,8,0,8
U2963,2025-02-01,Pro,249000,1,0,1
U2964,2025-02-01,Basic,99000,16,1,16
U2965,2025-11-01,Pro,249000,7,1,7
U2966,2025-05-01,Business,599000,13,1,13
U2967,2025-08-01,Basic,99000,1,0,1
U2968,2025-03-01,Pro,249000,10,0,10
U2969,2025-11-01,Basic,99000,6,0,6
U2970,2025-11-01,Pro,249000,7,1,7
U2971,2025-01-01,Pro,249000,1,0,1
U2972,2025-08-01,Pro,249000,10,1,10
U2973,2025-11-01,Basic,99000,7,1,7
U2974,2025-06-01,Basic,99000,8,0,8
U2975,2025-11-01,Basic,99000,5,0,5
U2976,2025-06-01,Basic,99000,12,1,12
U2977,2025-06-01,Basic,99000,2,0,2
U2978,2025-03-01,Basic,99000,7,0,7
U2979,2025-05-01,Basic,99000,5,0,5
U2980,2025-09-01,Basic,99000,3,0,3
U2981,2025-11-01,Basic,99000,7,1,7
U2982,2025-11-01,Pro,249000,4,0,4
U2983,2025-12-01,Pro,249000,6,1,6
U2984,2025-11-01,Basic,99000,7,1,7
U2985,2025-12-01,Pro,249000,6,1,6
U2986,2025-10-01,Basic,99000,8,1,8
U2987,2025-08-01,Pro,249000,2,0,2
U2988,2025-09-01,Pro,249000,4,0,4
U2989,2025-08-01,Basic,99000,4,0,4
U2990,2025-09-01,Pro,249000,9,1,9
U2991,2025-04-01,Basic,99000,14,1,14
U2992,2025-07-01,Basic,99000,10,0,10
U2993,2025-10-01,Basic,99000,8,1,8
U2994,2025-12-01,Basic,99000,4,0,4
U2995,2025-11-01,Basic,99000,4,0,4
U2996,2025-11-01,Business,599000,4,0,4
U2997,2025-03-01,Basic,99000,3,0,3
U2998,2025-12-01,Basic,99000,3,0,3
U2999,2025-09-01,Basic,99000,4,0,4
U3000,2025-04-01,Basic,99000,4,0,4
U3001,2025-05-01,Basic,99000,2,0,2
U3002,2025-12-01,Basic,99000,6,1,6
U3003,2025-04-01,Pro,249000,5,0,5
U3004,2025-09-01,Basic,99000,1,0,1
U3005,2025-05-01,Basic,99000,10,0,10
U3006,2025-12-01,Basic,99000,6,1,6
U3007,2025-09-01,Business,599000,9,1,9
U3008,2025-03-01,Basic,99000,3,0,3
U3009,2025-07-01,Basic,99000,11,0,11
U3010,2025-07-01,Basic,99000,1,0,1
U3011,2025-11-01,Business,599000,7,1,7
U3012,2025-04-01,Business,599000,14,0,14
U3013,2025-06-01,Pro,249000,12,1,12
U3014,2025-03-01,Pro,249000,1,0,1
U3015,2025-11-01,Business,599000,7,1,7
U3016,2025-09-01,Pro,249000,9,1,9
U3017,2025-06-01,Pro,249000,12,1,12
U3018,2025-01-01,Pro,249000,14,0,14
U3019,2025-06-01,Basic,99000,2,0,2
U3020,2025-09-01,Basic,99000,1,0,1
U3021,2025-08-01,Basic,99000,4,0,4
U3022,2025-05-01,Pro,249000,13,1,13
U3023,2025-11-01,Pro,249000,7,1,7
U3024,2025-10-01,Basic,99000,1,0,1
U3025,2025-12-01,Basic,99000,6,1,6
U3026,2025-09-01,Pro,249000,6,0,6
U3027,2025-08-01,Business,599000,10,1,10
U3028,2025-09-01,Business,599000,9,1,9
U3029,2025-08-01,Basic,99000,10,1,10
U3030,2025-06-01,Pro,249000,12,0,12
U3031,2025-04-01,Pro,249000,14,1,14
U3032,2025-08-01,Basic,99000,6,0,6
U3033,2025-10-01,Business,599000,4,0,4
U3034,2025-10-01,Business,599000,8,1,8
U3035,2025-04-01,Basic,99000,2,0,2
U3036,2025-05-01,Basic,99000,9,0,9
U3037,2025-10-01,Pro,249000,8,1,8
U3038,2025-07-01,Business,599000,11,1,11
U3039,2025-09-01,Basic,99000,1,0,1
U3040,2025-04-01,Business,599000,12,0,12
U3041,2025-01-01,Pro,249000,8,0,8
U3042,2025-12-01,Pro,249000,1,0,1
U3043,2025-01-01,Pro,249000,9,0,9
U3044,2025-05-01,Basic,99000,6,0,6
U3045,2025-07-01,Pro,249000,8,0,8
U3046,2025-11-01,Business,599000,7,1,7
U3047,2025-05-01,Basic,99000,3,0,3
U3048,2025-11-01,Basic,99000,7,1,7
U3049,2025-11-01,Basic,99000,7,1,7
U3050,2025-06-01,Pro,249000,12,1,12
U3051,2025-06-01,Pro,249000,4,0,4
U3052,2025-09-01,Pro,249000,9,1,9
U3053,2025-05-01,Basic,99000,13,1,13
U3054,2025-08-01,Basic,99000,6,0,6
U3055,2025-06-01,Basic,99000,12,1,12
U3056,2025-12-01,Basic,99000,6,1,6
U3057,2025-09-01,Basic,99000,9,1,9
U3058,2025-09-01,Basic,99000,9,1,9
U3059,2025-12-01,Basic,99000,6,1,6
U3060,2025-08-01,Business,599000,10,1,10
U3061,2025-08-01,Pro,249000,10,1,10
U3062,2025-04-01,Basic,99000,1,0,1
U3063,2025-10-01,Basic,99000,8,1,8
U3064,2025-11-01,Pro,249000,7,1,7
U3065,2025-04-01,Basic,99000,1,0,1
U3066,2025-04-01,Basic,99000,6,0,6
U3067,2025-11-01,Basic,99000,7,0,7
U3068,2025-09-01,Pro,249000,9,1,9
U3069,2025-01-01,Pro,249000,3,0,3
U3070,2025-10-01,Pro,249000,3,0,3
U3071,2025-09-01,Business,599000,6,0,6
U3072,2025-12-01,Pro,249000,6,1,6
U3073,2025-11-01,Business,599000,7,1,7
U3074,2025-02-01,Basic,99000,2,0,2
U3075,2025-06-01,Pro,249000,2,0,2
U3076,2025-01-01,Basic,99000,8,0,8
U3077,2025-12-01,Pro,249000,6,1,6
U3078,2025-07-01,Business,599000,11,1,11
U3079,2025-05-01,Pro,249000,13,1,13
U3080,2025-08-01,Pro,249000,10,1,10
U3081,2025-10-01,Basic,99000,8,1,8
U3082,2025-12-01,Pro,249000,2,0,2
U3083,2025-06-01,Basic,99000,1,0,1
U3084,2025-08-01,Basic,99000,1,0,1
U3085,2025-05-01,Pro,249000,12,0,12
U3086,2025-11-01,Basic,99000,7,0,7
U3087,2025-08-01,Basic,99000,10,1,10
U3088,2025-11-01,Basic,99000,5,0,5
U3089,2025-03-01,Basic,99000,4,0,4
U3090,2025-07-01,Pro,249000,11,0,11
U3091,2025-12-01,Basic,99000,6,1,6
U3092,2025-07-01,Basic,99000,1,0,1
U3093,2025-06-01,Pro,249000,12,1,12
U3094,2025-10-01,Basic,99000,2,0,2
U3095,2025-07-01,Basic,99000,1,0,1
U3096,2025-03-01,Basic,99000,1,0,1
U3097,2025-07-01,Basic,99000,11,1,11
U3098,2025-10-01,Basic,99000,3,0,3
U3099,2025-12-01,Pro,249000,1,0,1
U3100,2025-07-01,Basic,99000,3,0,3
U3101,2025-10-01,Basic,99000,6,0,6
U3102,2025-09-01,Basic,99000,9,1,9
U3103,2025-10-01,Basic,99000,8,1,8
U3104,2025-10-01,Basic,99000,8,1,8
U3105,2025-11-01,Basic,99000,7,1,7
U3106,2025-11-01,Business,599000,1,0,1
U3107,2025-10-01,Pro,249000,1,0,1
U3108,2025-04-01,Business,599000,14,1,14
U3109,2025-09-01,Pro,249000,9,1,9
U3110,2025-10-01,Pro,249000,8,1,8
U3111,2025-10-01,Basic,99000,3,0,3
U3112,2025-11-01,Pro,249000,2,0,2
U3113,2025-12-01,Basic,99000,3,0,3
U3114,2025-09-01,Basic,99000,7,0,7
U3115,2025-10-01,Pro,249000,6,0,6
U3116,2025-04-01,Basic,99000,1,0,1
U3117,2025-12-01,Business,599000,3,0,3
U3118,2025-01-01,Basic,99000,7,0,7
U3119,2025-01-01,Basic,99000,17,0,17
U3120,2025-01-01,Basic,99000,4,0,4
U3121,2025-10-01,Pro,249000,8,1,8
U3122,2025-08-01,Basic,99000,4,0,4
U3123,2025-09-01,Business,599000,9,1,9
U3124,2025-07-01,Basic,99000,2,0,2
U3125,2025-11-01,Basic,99000,7,1,7
U3126,2025-07-01,Business,599000,11,1,11
U3127,2025-11-01,Basic,99000,1,0,1
U3128,2025-07-01,Pro,249000,10,0,10
U3129,2025-04-01,Business,599000,9,0,9
U3130,2025-11-01,Pro,249000,1,0,1
U3131,2025-11-01,Business,599000,7,1,7
U3132,2025-02-01,Basic,99000,7,0,7
U3133,2025-08-01,Business,599000,1,0,1
U3134,2025-06-01,Basic,99000,2,0,2
U3135,2025-04-01,Basic,99000,14,1,14
U3136,2025-06-01,Pro,249000,11,0,11
U3137,2025-08-01,Basic,99000,10,1,10
U3138,2025-02-01,Pro,249000,16,1,16
U3139,2025-07-01,Pro,249000,11,1,11
U3140,2025-05-01,Pro,249000,9,0,9
U3141,2025-04-01,Pro,249000,14,1,14
U3142,2025-06-01,Pro,249000,12,1,12
U3143,2025-06-01,Basic,99000,2,0,2
U3144,2025-08-01,Basic,99000,1,0,1
U3145,2025-07-01,Business,599000,11,1,11
U3146,2025-11-01,Pro,249000,7,1,7
U3147,2025-01-01,Basic,99000,5,0,5
U3148,2025-12-01,Business,599000,6,1,6
U3149,2025-09-01,Business,599000,9,1,9
U3150,2025-02-01,Pro,249000,16,1,16
U3151,2025-06-01,Basic,99000,1,0,1
U3152,2025-04-01,Basic,99000,11,0,11
U3153,2025-01-01,Basic,99000,1,0,1
U3154,2025-03-01,Business,599000,10,0,10
U3155,2025-12-01,Pro,249000,6,1,6
U3156,2025-12-01,Basic,99000,6,1,6
U3157,2025-05-01,Business,599000,13,1,13
U3158,2025-07-01,Business,599000,11,1,11
U3159,2025-09-01,Pro,249000,9,1,9
U3160,2025-10-01,Pro,249000,7,0,7
U3161,2025-12-01,Basic,99000,6,1,6
U3162,2025-10-01,Basic,99000,7,0,7
U3163,2025-02-01,Basic,99000,8,0,8
U3164,2025-04-01,Basic,99000,14,1,14
U3165,2025-01-01,Pro,249000,1,0,1
U3166,2025-08-01,Basic,99000,1,0,1
U3167,2025-02-01,Basic,99000,1,0,1
U3168,2025-10-01,Basic,99000,8,1,8
U3169,2025-02-01,Basic,99000,16,1,16
U3170,2025-01-01,Pro,249000,17,1,17
U3171,2025-03-01,Pro,249000,15,1,15
U3172,2025-09-01,Basic,99000,9,1,9
U3173,2025-04-01,Business,599000,14,1,14
U3174,2025-08-01,Basic,99000,2,0,2
U3175,2025-08-01,Business,599000,10,1,10
U3176,2025-10-01,Business,599000,8,1,8
U3177,2025-11-01,Pro,249000,1,0,1
U3178,2025-12-01,Pro,249000,6,1,6
U3179,2025-04-01,Pro,249000,14,1,14
U3180,2025-07-01,Basic,99000,11,1,11
U3181,2025-02-01,Basic,99000,1,0,1
U3182,2025-03-01,Basic,99000,6,0,6
U3183,2025-01-01,Basic,99000,1,0,1
U3184,2025-06-01,Basic,99000,12,1,12
U3185,2025-10-01,Basic,99000,5,0,5
U3186,2025-05-01,Basic,99000,13,1,13
U3187,2025-05-01,Business,599000,13,1,13
U3188,2025-11-01,Pro,249000,7,1,7
U3189,2025-07-01,Business,599000,11,1,11
U3190,2025-02-01,Basic,99000,9,0,9
U3191,2025-05-01,Basic,99000,1,0,1
U3192,2025-05-01,Basic,99000,13,1,13
U3193,2025-06-01,Basic,99000,9,0,9
U3194,2025-08-01,Pro,249000,10,1,10
U3195,2025-01-01,Basic,99000,6,0,6
U3196,2025-08-01,Pro,249000,10,1,10
U3197,2025-08-01,Pro,249000,8,0,8
U3198,2025-04-01,Basic,99000,1,0,1
U3199,2025-10-01,Business,599000,5,0,5
